-- phpMyAdmin SQL Dump
-- version 4.7.7
-- https://www.phpmyadmin.net/
--
-- Host: 127.0.0.1
-- Generation Time: Jun 23, 2018 at 03:20 AM
-- Server version: 8.0.11
-- PHP Version: 7.1.16

SET SQL_MODE = "NO_AUTO_VALUE_ON_ZERO";
SET AUTOCOMMIT = 0;
START TRANSACTION;
SET time_zone = "+00:00";


/*!40101 SET @OLD_CHARACTER_SET_CLIENT=@@CHARACTER_SET_CLIENT */;
/*!40101 SET @OLD_CHARACTER_SET_RESULTS=@@CHARACTER_SET_RESULTS */;
/*!40101 SET @OLD_COLLATION_CONNECTION=@@COLLATION_CONNECTION */;
/*!40101 SET NAMES utf8mb4 */;

--
-- Database: `elderly_track`
--

-- --------------------------------------------------------

--
-- Table structure for table `beacon`
--

CREATE TABLE `beacon` (
  `id` int(10) UNSIGNED NOT NULL,
  `uuid` varchar(40) NOT NULL,
  `major` int(10) UNSIGNED NOT NULL,
  `minor` int(10) UNSIGNED NOT NULL,
  `status` smallint(2) UNSIGNED DEFAULT '1' COMMENT '1=active, 0=inactive, 2=temporarily disabled',
  `resident_id` int(10) UNSIGNED DEFAULT NULL,
  `created_at` timestamp NULL DEFAULT CURRENT_TIMESTAMP,
  `updated_at` timestamp NULL DEFAULT CURRENT_TIMESTAMP ON UPDATE CURRENT_TIMESTAMP
) ENGINE=InnoDB DEFAULT CHARSET=latin1;

--
-- Dumping data for table `beacon`
--

INSERT INTO `beacon` (`id`, `uuid`, `major`, `minor`, `status`, `resident_id`, `created_at`, `updated_at`) VALUES
(4, '4F4C9C21-03F3-457A-8A7F-5E0D09401654', 16502, 55820, 1, 1, '2018-02-27 05:49:54', '2018-04-17 02:15:50'),
(5, '4F4C9C21-03F3-457A-8A7F-5E0D09401654', 27949, 47408, 1, 1, '2018-02-27 05:47:55', '2018-04-24 16:00:17'),
(7, '4F4C9C21-03F3-457A-8A7F-5E0D09401654', 58949, 29933, 1, 6, '2017-11-07 07:36:34', '2018-04-08 09:14:55'),
(8, '4F4C9C21-03F3-457A-8A7F-5E0D09401654', 33078, 31465, 1, 7, '2018-01-03 12:56:33', '2018-04-08 09:14:55'),
(12, '4F4C9C21-03F3-457A-8A7F-5E0D09401654', 3810, 48523, 1, 8, '2017-11-07 07:36:38', '2018-04-08 09:14:55'),
(15, '4F4C9C21-03F3-457A-8A7F-5E0D09401654', 16717, 179, 1, 9, '2017-11-07 07:36:42', '2018-04-08 09:14:55'),
(16, '4F4C9C21-03F3-457A-8A7F-5E0D09401654', 43561, 43874, 1, 8, '2017-11-07 07:36:45', '2018-04-08 09:14:55'),
(19, '4F4C9C21-03F3-457A-8A7F-5E0D09401654', 24890, 6699, 1, 12, '2017-11-07 07:36:47', '2018-04-09 03:52:17');

-- --------------------------------------------------------

--
-- Table structure for table `caregiver`
--

CREATE TABLE `caregiver` (
  `id` int(10) UNSIGNED NOT NULL,
  `user_id` int(10) UNSIGNED NOT NULL,
  `resident_id` int(10) UNSIGNED NOT NULL,
  `relation` varchar(50) NOT NULL,
  `created_at` timestamp NULL DEFAULT CURRENT_TIMESTAMP,
  `updated_at` timestamp NULL DEFAULT CURRENT_TIMESTAMP ON UPDATE CURRENT_TIMESTAMP
) ENGINE=InnoDB DEFAULT CHARSET=latin1;

--
-- Dumping data for table `caregiver`
--

INSERT INTO `caregiver` (`id`, `user_id`, `resident_id`, `relation`, `created_at`, `updated_at`) VALUES
(1, 2, 1, 'cousin', '2017-01-22 03:30:16', '2018-06-19 08:12:19'),
(3, 1, 1, 'son', '2017-02-14 02:11:01', '2018-06-19 08:12:19'),
(4, 1, 4, 'mom', '2017-02-14 02:11:14', '2018-06-19 08:12:19'),
(5, 1, 6, 'brother', '2017-02-14 02:11:31', '2018-06-19 08:12:19'),
(6, 2, 7, 'daughter', '2017-06-08 03:51:32', '2018-06-19 08:14:18'),
(9, 2, 4, 'dad', '2017-02-17 02:09:12', '2018-06-19 08:15:03'),
(11, 2, 3, 'mom', '2017-02-23 06:38:02', '2018-06-19 08:12:51'),
(14, 1, 12, 'dad', '2017-03-22 02:59:26', '2018-06-19 08:12:19'),
(22, 1, 7, 'son', '2017-05-22 07:49:30', '2018-06-19 08:15:10'),
(23, 2, 8, 'uncle', '2017-05-22 07:49:30', '2018-06-19 08:15:15'),
(35, 1, 3, 'friend', '2017-06-05 08:38:11', '2018-06-19 08:12:49'),
(39, 1, 8, 'friend', '2017-06-05 08:38:39', '2018-06-19 08:14:11'),
(40, 1, 9, 'friend', '2017-06-05 08:38:45', '2018-06-19 08:14:03'),
(41, 2, 12, 'friend', '2017-06-05 08:38:51', '2018-06-19 08:14:00'),
(56, 2, 6, 'sister', '2018-04-21 01:58:16', '2018-06-19 08:15:08'),
(57, 2, 9, 'auntie', '2018-04-21 01:58:16', '2018-06-19 08:15:18');

-- --------------------------------------------------------

--
-- Table structure for table `gps`
--

CREATE TABLE `gps` (
  `id` int(10) UNSIGNED NOT NULL,
  `latitude` decimal(11,8) NOT NULL,
  `longitude` decimal(10,8) NOT NULL,
  `address` varchar(200) NOT NULL,
  `created_at` timestamp NULL DEFAULT CURRENT_TIMESTAMP ON UPDATE CURRENT_TIMESTAMP
) ENGINE=InnoDB DEFAULT CHARSET=latin1;

-- --------------------------------------------------------

--
-- Table structure for table `location`
--

CREATE TABLE `location` (
  `id` int(10) UNSIGNED NOT NULL,
  `beacon_id` int(10) UNSIGNED NOT NULL,
  `latitude` decimal(10,8) NOT NULL,
  `longitude` decimal(11,8) NOT NULL,
  `address` varchar(200) DEFAULT NULL,
  `resident_id` int(10) UNSIGNED DEFAULT NULL,
  `missing_id` int(10) UNSIGNED DEFAULT NULL,
  `locator_id` int(10) UNSIGNED DEFAULT NULL,
  `user_id` int(10) UNSIGNED DEFAULT NULL,
  `created_at` timestamp NULL DEFAULT CURRENT_TIMESTAMP ON UPDATE CURRENT_TIMESTAMP
) ENGINE=InnoDB DEFAULT CHARSET=latin1;

--
-- Dumping data for table `location`
--

INSERT INTO `location` (`id`, `beacon_id`, `latitude`, `longitude`, `address`, `resident_id`, `missing_id`, `locator_id`, `user_id`, `created_at`) VALUES
(377, 4, '1.34708848', '103.75399995', NULL, NULL, NULL, NULL, 321, '2018-04-17 03:16:07'),
(404, 5, '1.33525034', '103.77659634', NULL, NULL, NULL, NULL, 321, '2018-05-24 05:30:29'),
(413, 7, '1.00000000', '1.00000000', NULL, NULL, NULL, NULL, 321, '2018-04-15 07:50:48');

-- --------------------------------------------------------

--
-- Table structure for table `location_history`
--

CREATE TABLE `location_history` (
  `id` int(10) UNSIGNED NOT NULL,
  `beacon_id` int(10) UNSIGNED NOT NULL,
  `latitude` decimal(10,8) NOT NULL,
  `longitude` decimal(11,8) NOT NULL,
  `address` varchar(200) DEFAULT NULL,
  `resident_id` int(10) UNSIGNED DEFAULT NULL,
  `missing_id` int(10) UNSIGNED DEFAULT NULL,
  `locator_id` int(10) UNSIGNED DEFAULT NULL,
  `user_id` int(10) UNSIGNED DEFAULT NULL,
  `created_at` timestamp NULL DEFAULT CURRENT_TIMESTAMP ON UPDATE CURRENT_TIMESTAMP
) ENGINE=InnoDB DEFAULT CHARSET=latin1;

--
-- Dumping data for table `location_history`
--

INSERT INTO `location_history` (`id`, `beacon_id`, `latitude`, `longitude`, `address`, `resident_id`, `missing_id`, `locator_id`, `user_id`, `created_at`) VALUES
(56, 7, '1.38616400', '103.77182500', NULL, NULL, NULL, NULL, 153, '2017-05-24 07:11:52'),
(57, 8, '1.38616400', '103.77182500', NULL, NULL, NULL, NULL, 153, '2017-05-24 07:11:53'),
(58, 8, '1.38616400', '103.77182500', NULL, NULL, NULL, NULL, 153, '2017-05-24 07:13:55'),
(59, 7, '1.38616400', '103.77182500', NULL, NULL, NULL, NULL, 153, '2017-05-24 07:13:55'),
(60, 8, '1.38616400', '103.77182500', NULL, NULL, NULL, NULL, 153, '2017-05-24 07:14:08'),
(61, 7, '1.38616400', '103.77182500', NULL, NULL, NULL, NULL, 153, '2017-05-24 07:15:08'),
(62, 4, '1.38616400', '103.77182500', NULL, NULL, NULL, NULL, 153, '2017-05-24 07:15:21'),
(63, 4, '1.38662710', '103.77159670', NULL, NULL, NULL, NULL, 152, '2017-05-24 07:15:33'),
(64, 7, '1.38662710', '103.77159670', NULL, NULL, NULL, NULL, 152, '2017-05-24 07:15:34'),
(65, 8, '1.38616400', '103.77182500', NULL, NULL, NULL, NULL, 153, '2017-05-24 07:15:28'),
(66, 8, '1.38662710', '103.77159670', NULL, NULL, NULL, NULL, 152, '2017-05-24 07:15:44'),
(67, 4, '1.38647990', '103.77168730', NULL, NULL, NULL, NULL, 152, '2017-05-24 07:16:38'),
(68, 8, '1.38647990', '103.77168730', NULL, NULL, NULL, NULL, 152, '2017-05-24 07:16:39'),
(69, 7, '1.38647990', '103.77168730', NULL, NULL, NULL, NULL, 152, '2017-05-24 07:16:39'),
(70, 8, '1.38655430', '103.77150620', NULL, NULL, NULL, NULL, 152, '2017-05-24 07:24:19'),
(71, 4, '1.38655430', '103.77150620', NULL, NULL, NULL, NULL, 152, '2017-05-24 07:27:33'),
(72, 7, '1.38655430', '103.77150620', NULL, NULL, NULL, NULL, 152, '2017-05-24 07:27:33'),
(73, 8, '1.38655430', '103.77150620', NULL, NULL, NULL, NULL, 152, '2017-05-24 07:27:34'),
(74, 15, '10.76037060', '106.65348590', NULL, NULL, NULL, NULL, 11, '2017-05-28 08:00:57'),
(75, 4, '10.76026400', '106.65339990', NULL, NULL, NULL, NULL, 11, '2017-05-28 08:07:56'),
(76, 4, '10.76026400', '106.65339990', NULL, NULL, NULL, NULL, 11, '2017-05-28 08:07:55'),
(77, 4, '10.76037060', '106.65348590', NULL, NULL, NULL, NULL, 11, '2017-05-28 08:18:35'),
(79, 7, '1.38658190', '103.77149490', NULL, NULL, NULL, NULL, 152, '2017-06-28 06:10:49'),
(80, 7, '1.38658190', '103.77149490', NULL, NULL, NULL, NULL, 152, '2017-06-28 06:11:05'),
(81, 7, '1.38658190', '103.77149490', NULL, NULL, NULL, NULL, 152, '2017-06-28 06:11:26'),
(83, 7, '1.38658190', '103.77149490', NULL, NULL, NULL, NULL, 152, '2017-06-28 06:12:21'),
(85, 8, '1.38658190', '103.77149490', NULL, NULL, NULL, NULL, 152, '2017-06-28 06:19:10'),
(86, 8, '1.38658190', '103.77149490', NULL, NULL, NULL, NULL, 152, '2017-06-28 06:19:30'),
(88, 8, '1.38658190', '103.77149490', NULL, NULL, NULL, NULL, 152, '2017-06-28 06:20:14'),
(92, 8, '1.38658190', '103.77149490', NULL, NULL, NULL, NULL, 152, '2017-06-28 06:23:29'),
(98, 4, '1.38658190', '103.77149490', NULL, NULL, NULL, NULL, 152, '2017-06-28 06:31:46'),
(99, 7, '1.38658190', '103.77149490', NULL, NULL, NULL, NULL, 152, '2017-06-28 06:32:00'),
(100, 4, '1.38658190', '103.77149490', NULL, NULL, NULL, NULL, 152, '2017-06-28 06:32:07'),
(101, 7, '1.38658190', '103.77149490', NULL, NULL, NULL, NULL, 152, '2017-06-28 06:32:22'),
(102, 4, '1.38658190', '103.77149490', NULL, NULL, NULL, NULL, 152, '2017-06-28 06:32:23'),
(103, 8, '1.38658190', '103.77149490', NULL, NULL, NULL, NULL, 152, '2017-06-28 06:32:29'),
(104, 4, '1.38658190', '103.77149490', NULL, NULL, NULL, NULL, 152, '2017-06-28 06:32:57'),
(105, 8, '1.38658190', '103.77149490', NULL, NULL, NULL, NULL, 152, '2017-06-28 06:32:59'),
(106, 7, '1.38658190', '103.77149490', NULL, NULL, NULL, NULL, 152, '2017-06-28 06:33:16'),
(107, 8, '1.38658190', '103.77149490', NULL, NULL, NULL, NULL, 152, '2017-06-28 06:33:47'),
(115, 5, '1.33479100', '103.77636200', NULL, NULL, NULL, NULL, 153, '2017-11-07 06:43:49'),
(116, 12, '1.33479100', '103.77636200', NULL, NULL, NULL, NULL, 153, '2017-11-07 06:43:59'),
(117, 12, '1.33479100', '103.77636200', NULL, NULL, NULL, NULL, 153, '2017-11-07 06:47:11'),
(118, 12, '1.33475700', '103.77639000', NULL, NULL, NULL, NULL, 153, '2017-11-07 06:48:36'),
(119, 12, '1.33480400', '103.77641800', NULL, NULL, NULL, NULL, 153, '2017-11-07 06:57:51'),
(121, 12, '1.33481500', '103.77642100', NULL, NULL, NULL, NULL, 153, '2017-11-07 07:03:14'),
(122, 12, '1.33477600', '103.77642000', NULL, NULL, NULL, NULL, 153, '2017-11-07 07:10:28'),
(124, 12, '1.33477600', '103.77642000', NULL, NULL, NULL, NULL, 153, '2017-11-07 07:12:41'),
(125, 12, '1.33482300', '103.77633300', NULL, NULL, NULL, NULL, 153, '2017-11-07 07:14:11'),
(127, 12, '1.33482300', '103.77633300', NULL, NULL, NULL, NULL, 153, '2017-11-07 07:19:56'),
(130, 12, '1.33482600', '103.77636400', NULL, NULL, NULL, NULL, 153, '2017-11-07 07:25:02'),
(131, 12, '1.33478000', '103.77659600', NULL, NULL, NULL, NULL, 153, '2017-11-07 07:36:52'),
(133, 12, '1.33478000', '103.77659600', NULL, NULL, NULL, NULL, 153, '2017-11-07 07:42:39'),
(134, 12, '1.33479600', '103.77640800', NULL, NULL, NULL, NULL, 153, '2017-11-07 07:43:05'),
(135, 12, '1.33476300', '103.77644100', NULL, NULL, NULL, NULL, 153, '2017-11-07 07:47:39'),
(138, 12, '1.33477200', '103.77681000', NULL, NULL, NULL, NULL, 153, '2017-11-07 07:51:22'),
(727, 5, '1.28750400', '103.82864100', NULL, NULL, NULL, NULL, 153, '2018-01-03 20:59:37'),
(728, 5, '1.28749608', '103.82874903', NULL, NULL, NULL, NULL, 153, '2018-01-03 21:08:57'),
(730, 5, '1.28727093', '103.82858407', NULL, NULL, NULL, NULL, 153, '2018-01-03 22:50:26'),
(731, 5, '1.28752600', '103.82864000', NULL, NULL, NULL, NULL, 153, '2018-01-03 22:53:01'),
(732, 5, '1.28752600', '103.82864000', NULL, NULL, NULL, NULL, 153, '2018-01-03 23:04:18'),
(733, 5, '1.29188000', '103.83560000', NULL, NULL, NULL, NULL, 153, '2018-01-03 23:32:05'),
(734, 5, '1.33168800', '103.77447000', NULL, NULL, NULL, NULL, 153, '2018-01-04 00:16:10'),
(735, 5, '1.33168800', '103.77447000', NULL, NULL, NULL, NULL, 153, '2018-01-04 00:24:41'),
(736, 5, '1.33471900', '103.77683600', NULL, NULL, NULL, NULL, 153, '2018-01-04 00:39:48'),
(738, 5, '1.33471900', '103.77683600', NULL, NULL, NULL, NULL, 153, '2018-01-04 00:50:19'),
(741, 5, '1.33468300', '103.77676400', NULL, NULL, NULL, NULL, 153, '2018-01-04 01:05:52'),
(742, 5, '1.33468300', '103.77676400', NULL, NULL, NULL, NULL, 153, '2018-01-04 01:14:26'),
(743, 5, '1.33468300', '103.77676400', NULL, NULL, NULL, NULL, 153, '2018-01-04 01:15:39'),
(745, 5, '1.33468300', '103.77676400', NULL, NULL, NULL, NULL, 153, '2018-01-04 01:31:03'),
(750, 5, '1.33468300', '103.77676400', NULL, NULL, NULL, NULL, 153, '2018-01-04 01:40:04'),
(754, 5, '1.33477800', '103.77654900', NULL, NULL, NULL, NULL, 153, '2018-01-04 01:49:13'),
(762, 5, '1.33239522', '103.77347289', NULL, NULL, NULL, NULL, 321, '2018-01-04 02:07:28'),
(764, 5, '1.33240100', '103.77330600', NULL, NULL, NULL, NULL, 153, '2018-01-04 02:13:45'),
(767, 5, '1.33240100', '103.77330600', NULL, NULL, NULL, NULL, 153, '2018-01-04 02:17:13'),
(771, 5, '1.33240100', '103.77330600', NULL, NULL, NULL, NULL, 153, '2018-01-04 02:24:22'),
(777, 5, '1.33240100', '103.77330600', NULL, NULL, NULL, NULL, 153, '2018-01-04 02:29:15'),
(785, 5, '1.33240100', '103.77330600', NULL, NULL, NULL, NULL, 153, '2018-01-04 02:30:50'),
(788, 5, '1.33239303', '103.77339615', NULL, NULL, NULL, NULL, 321, '2018-01-04 02:50:52'),
(790, 5, '1.33240506', '103.77343825', NULL, NULL, NULL, NULL, 321, '2018-01-04 02:54:01'),
(792, 5, '1.33242137', '103.77359675', NULL, NULL, NULL, NULL, 321, '2018-01-04 02:59:03'),
(795, 5, '1.33244825', '103.77349231', NULL, NULL, NULL, NULL, 321, '2018-01-04 03:29:12'),
(797, 5, '1.33243981', '103.77354902', NULL, NULL, NULL, NULL, 321, '2018-01-04 04:31:30'),
(799, 5, '1.33239504', '103.77348418', NULL, NULL, NULL, NULL, 321, '2018-01-04 04:42:17'),
(802, 5, '1.33244467', '103.77349227', NULL, NULL, NULL, NULL, 321, '2018-01-04 04:44:10'),
(803, 5, '1.33243581', '103.77359363', NULL, NULL, NULL, NULL, 321, '2018-01-04 04:52:33'),
(805, 5, '1.33243775', '103.77351096', NULL, NULL, NULL, NULL, 321, '2018-01-04 04:53:44'),
(806, 5, '1.33243775', '103.77351096', NULL, NULL, NULL, NULL, 321, '2018-01-04 04:54:01'),
(807, 5, '1.33238320', '103.77340367', NULL, NULL, NULL, NULL, 321, '2018-01-04 04:58:43'),
(810, 5, '1.33241704', '103.77341939', NULL, NULL, NULL, NULL, 321, '2018-01-04 05:05:51'),
(812, 5, '1.33242564', '103.77354108', NULL, NULL, NULL, NULL, 321, '2018-01-04 05:32:03'),
(813, 5, '1.33246944', '103.77346137', NULL, NULL, NULL, NULL, 321, '2018-01-04 05:35:53'),
(816, 5, '1.33240578', '103.77349383', NULL, NULL, NULL, NULL, 321, '2018-01-04 05:50:09'),
(818, 5, '1.33240578', '103.77349383', NULL, NULL, NULL, NULL, 321, '2018-01-04 05:50:57'),
(821, 5, '1.33240466', '103.77347079', NULL, NULL, NULL, NULL, 320, '2018-01-04 05:55:52'),
(822, 5, '1.33240578', '103.77349383', NULL, NULL, NULL, NULL, 321, '2018-01-04 05:55:57'),
(823, 5, '1.33240466', '103.77347079', NULL, NULL, NULL, NULL, 320, '2018-01-04 05:56:05'),
(825, 5, '1.33240466', '103.77347079', NULL, NULL, NULL, NULL, 320, '2018-01-04 05:56:45'),
(827, 5, '1.33240578', '103.77349383', NULL, NULL, NULL, NULL, 321, '2018-01-04 05:57:39'),
(830, 5, '1.33239261', '103.77342968', NULL, NULL, NULL, NULL, 320, '2018-01-04 06:05:13'),
(831, 5, '1.33243241', '103.77356443', NULL, NULL, NULL, NULL, 321, '2018-01-04 06:05:35'),
(832, 5, '1.33243241', '103.77356443', NULL, NULL, NULL, NULL, 321, '2018-01-04 06:05:55'),
(833, 5, '1.33243241', '103.77356443', NULL, NULL, NULL, NULL, 321, '2018-01-04 06:06:04'),
(834, 5, '1.33243091', '103.77349631', NULL, NULL, NULL, NULL, 321, '2018-01-04 06:12:39'),
(835, 5, '1.33236183', '103.77338868', NULL, NULL, NULL, NULL, 320, '2018-01-04 06:12:49'),
(836, 5, '1.33236183', '103.77338868', NULL, NULL, NULL, NULL, 320, '2018-01-04 06:12:56'),
(837, 5, '1.33242886', '103.77345292', NULL, NULL, NULL, NULL, 321, '2018-01-04 06:16:43'),
(838, 5, '1.33244454', '103.77343062', NULL, NULL, NULL, NULL, 320, '2018-01-04 06:18:38'),
(839, 5, '1.33241095', '103.77342332', NULL, NULL, NULL, NULL, 321, '2018-01-04 06:18:38'),
(840, 5, '1.33241121', '103.77340079', NULL, NULL, NULL, NULL, 320, '2018-01-04 06:18:43'),
(841, 5, '1.33241261', '103.77346948', NULL, NULL, NULL, NULL, 320, '2018-01-04 07:23:55'),
(842, 5, '1.33241074', '103.77347451', NULL, NULL, NULL, NULL, 321, '2018-01-04 07:23:56'),
(843, 5, '1.33241261', '103.77346948', NULL, NULL, NULL, NULL, 320, '2018-01-04 07:24:01'),
(844, 5, '1.33240700', '103.77350138', NULL, NULL, NULL, NULL, 321, '2018-01-04 07:25:33'),
(845, 5, '1.33241010', '103.77353743', NULL, NULL, NULL, NULL, 321, '2018-01-04 07:55:36'),
(846, 5, '1.33239557', '103.77347414', NULL, NULL, NULL, NULL, 321, '2018-01-04 08:00:21'),
(847, 5, '1.33242677', '103.77351105', NULL, NULL, NULL, NULL, 321, '2018-01-04 08:05:26'),
(848, 5, '1.33247128', '103.77349500', NULL, NULL, NULL, NULL, 321, '2018-01-04 08:10:25'),
(849, 5, '1.33240474', '103.77349840', NULL, NULL, NULL, NULL, 321, '2018-01-04 08:15:22'),
(850, 5, '1.33240474', '103.77349840', NULL, NULL, NULL, NULL, 321, '2018-01-04 08:20:22'),
(851, 5, '1.33240474', '103.77349840', NULL, NULL, NULL, NULL, 321, '2018-01-04 08:25:22'),
(852, 5, '1.33261446', '103.77356081', NULL, NULL, NULL, NULL, 321, '2018-01-04 08:30:20'),
(853, 5, '1.33243479', '103.77352488', NULL, NULL, NULL, NULL, 321, '2018-01-04 08:35:22'),
(854, 5, '1.33239210', '103.77348111', NULL, NULL, NULL, NULL, 321, '2018-01-04 08:48:04'),
(855, 5, '1.33240398', '103.77341898', NULL, NULL, NULL, NULL, 321, '2018-01-04 09:22:12'),
(856, 5, '1.33240440', '103.77340609', NULL, NULL, NULL, NULL, 320, '2018-01-04 09:22:18'),
(857, 5, '1.33242191', '103.77355955', NULL, NULL, NULL, NULL, 320, '2018-01-04 09:22:21'),
(858, 5, '1.33240398', '103.77341898', NULL, NULL, NULL, NULL, 321, '2018-01-04 09:22:29'),
(859, 5, '1.33243290', '103.77358332', NULL, NULL, NULL, NULL, 321, '2018-01-04 09:33:14'),
(860, 5, '1.33239272', '103.77350502', NULL, NULL, NULL, NULL, 321, '2018-01-04 09:35:34'),
(864, 5, '1.33243646', '103.77354844', NULL, NULL, NULL, NULL, 321, '2018-01-05 02:18:05'),
(865, 5, '1.33240495', '103.77346233', NULL, NULL, NULL, NULL, 321, '2018-01-05 02:18:41'),
(867, 5, '1.33240495', '103.77346233', NULL, NULL, NULL, NULL, 321, '2018-01-05 02:20:41'),
(869, 5, '1.33240495', '103.77346233', NULL, NULL, NULL, NULL, 321, '2018-01-05 02:20:52'),
(870, 5, '1.33240495', '103.77346233', NULL, NULL, NULL, NULL, 321, '2018-01-05 02:21:22'),
(875, 5, '1.33244412', '103.77349483', NULL, NULL, NULL, NULL, 321, '2018-01-05 02:53:33'),
(877, 5, '1.33239032', '103.77350868', NULL, NULL, NULL, NULL, 321, '2018-01-05 03:37:27'),
(882, 5, '1.33238963', '103.77350689', NULL, NULL, NULL, NULL, 321, '2018-01-05 04:34:30'),
(884, 5, '1.33245501', '103.77352929', NULL, NULL, NULL, NULL, 321, '2018-01-05 04:46:14'),
(885, 5, '1.33245501', '103.77352929', NULL, NULL, NULL, NULL, 321, '2018-01-05 04:46:37'),
(889, 5, '1.33241173', '103.77339841', NULL, NULL, NULL, NULL, 321, '2018-01-05 04:55:41'),
(890, 5, '1.33240218', '103.77351405', NULL, NULL, NULL, NULL, 321, '2018-01-05 04:56:44'),
(892, 5, '1.33240218', '103.77351405', NULL, NULL, NULL, NULL, 321, '2018-01-05 04:58:13'),
(893, 5, '1.33240218', '103.77351405', NULL, NULL, NULL, NULL, 321, '2018-01-05 04:58:22'),
(894, 5, '1.33240218', '103.77351405', NULL, NULL, NULL, NULL, 321, '2018-01-05 04:58:38'),
(897, 5, '1.33248662', '103.77354830', NULL, NULL, NULL, NULL, 321, '2018-01-05 05:04:24'),
(900, 5, '1.33240684', '103.77346499', NULL, NULL, NULL, NULL, 321, '2018-01-05 05:18:05'),
(901, 5, '1.33240684', '103.77346499', NULL, NULL, NULL, NULL, 321, '2018-01-05 05:18:15'),
(902, 5, '1.33240684', '103.77346499', NULL, NULL, NULL, NULL, 321, '2018-01-05 05:18:35'),
(903, 5, '1.33240684', '103.77346499', NULL, NULL, NULL, NULL, 321, '2018-01-05 05:19:07'),
(904, 5, '1.33240684', '103.77346499', NULL, NULL, NULL, NULL, 321, '2018-01-05 05:19:26'),
(905, 5, '1.33240684', '103.77346499', NULL, NULL, NULL, NULL, 321, '2018-01-05 05:19:47'),
(912, 5, '1.33241164', '103.77346358', NULL, NULL, NULL, NULL, 321, '2018-01-05 05:55:48'),
(914, 5, '1.33241469', '103.77350141', NULL, NULL, NULL, NULL, 321, '2018-01-05 06:01:42'),
(915, 5, '1.33245642', '103.77344422', NULL, NULL, NULL, NULL, 321, '2018-01-05 06:12:58'),
(916, 5, '1.33243607', '103.77347107', NULL, NULL, NULL, NULL, 321, '2018-01-05 06:13:44'),
(917, 5, '1.33243607', '103.77347107', NULL, NULL, NULL, NULL, 321, '2018-01-05 06:17:12'),
(918, 5, '1.33238142', '103.77341159', NULL, NULL, NULL, NULL, 321, '2018-01-05 06:44:07'),
(919, 5, '1.33235840', '103.77341464', NULL, NULL, NULL, NULL, 321, '2018-01-05 07:21:38'),
(920, 5, '1.33245370', '103.77346640', NULL, NULL, NULL, NULL, 321, '2018-01-05 07:24:04'),
(931, 5, '1.33240957', '103.77350809', NULL, NULL, NULL, NULL, 321, '2018-01-05 07:29:55'),
(936, 5, '1.33240957', '103.77350809', NULL, NULL, NULL, NULL, 321, '2018-01-05 07:31:40'),
(938, 5, '1.33240957', '103.77350809', NULL, NULL, NULL, NULL, 321, '2018-01-05 07:31:50'),
(940, 5, '1.33241064', '103.77348223', NULL, NULL, NULL, NULL, 321, '2018-01-05 07:35:03'),
(943, 5, '1.33244572', '103.77359234', NULL, NULL, NULL, NULL, 321, '2018-01-05 07:39:39'),
(947, 5, '1.33239838', '103.77346495', NULL, NULL, NULL, NULL, 320, '2018-01-05 07:40:22'),
(948, 5, '1.33244572', '103.77359234', NULL, NULL, NULL, NULL, 321, '2018-01-05 07:40:37'),
(949, 5, '1.33239838', '103.77346495', NULL, NULL, NULL, NULL, 320, '2018-01-05 07:40:41'),
(950, 5, '1.33244572', '103.77359234', NULL, NULL, NULL, NULL, 321, '2018-01-05 07:40:50'),
(951, 5, '1.33244572', '103.77359234', NULL, NULL, NULL, NULL, 321, '2018-01-05 07:41:33'),
(952, 5, '1.33244572', '103.77359234', NULL, NULL, NULL, NULL, 321, '2018-01-05 07:41:41'),
(953, 5, '1.33239838', '103.77346495', NULL, NULL, NULL, NULL, 320, '2018-01-05 07:41:46'),
(954, 5, '1.33243454', '103.77354270', NULL, NULL, NULL, NULL, 321, '2018-01-05 07:46:52'),
(955, 5, '1.33242035', '103.77347674', NULL, NULL, NULL, NULL, 321, '2018-01-05 08:26:10'),
(956, 5, '1.33231576', '103.77341234', NULL, NULL, NULL, NULL, 320, '2018-01-05 08:26:15'),
(957, 5, '1.33231576', '103.77341234', NULL, NULL, NULL, NULL, 320, '2018-01-05 08:26:16'),
(958, 5, '1.33239558', '103.77350199', NULL, NULL, NULL, NULL, 320, '2018-01-05 08:54:51'),
(959, 5, '1.33243099', '103.77351583', NULL, NULL, NULL, NULL, 321, '2018-01-05 08:57:27'),
(960, 5, '1.33243041', '103.77349967', NULL, NULL, NULL, NULL, 321, '2018-01-05 08:58:00'),
(963, 5, '1.33240046', '103.77347631', NULL, NULL, NULL, NULL, 321, '2018-01-06 02:18:41'),
(966, 5, '1.33243569', '103.77346653', NULL, NULL, NULL, NULL, 321, '2018-01-06 03:20:07'),
(968, 5, '1.33239099', '103.77346774', NULL, NULL, NULL, NULL, 321, '2018-01-06 03:31:38'),
(973, 5, '1.33239823', '103.77341230', NULL, NULL, NULL, NULL, 321, '2018-01-06 04:49:01'),
(976, 5, '1.33242731', '103.77352282', NULL, NULL, NULL, NULL, 321, '2018-01-06 04:57:28'),
(977, 5, '1.33247444', '103.77359990', NULL, NULL, NULL, NULL, 321, '2018-01-06 04:58:56'),
(978, 5, '1.33239534', '103.77349065', NULL, NULL, NULL, NULL, 321, '2018-01-06 05:15:15'),
(979, 5, '1.33241099', '103.77351267', NULL, NULL, NULL, NULL, 321, '2018-01-06 05:19:55'),
(980, 5, '1.33241099', '103.77351267', NULL, NULL, NULL, NULL, 321, '2018-01-06 05:22:46'),
(986, 5, '1.33244585', '103.77352674', NULL, NULL, NULL, NULL, 321, '2018-01-06 05:53:49'),
(987, 5, '1.33243748', '103.77353142', NULL, NULL, NULL, NULL, 321, '2018-01-06 05:54:47'),
(988, 5, '1.33242046', '103.77350377', NULL, NULL, NULL, NULL, 321, '2018-01-06 06:02:19'),
(989, 5, '1.33242046', '103.77350377', NULL, NULL, NULL, NULL, 321, '2018-01-06 06:02:26'),
(990, 5, '1.33242046', '103.77350377', NULL, NULL, NULL, NULL, 321, '2018-01-06 06:02:54'),
(993, 5, '1.33244962', '103.77353348', NULL, NULL, NULL, NULL, 321, '2018-01-06 06:15:45'),
(994, 5, '1.33244962', '103.77353348', NULL, NULL, NULL, NULL, 321, '2018-01-06 06:15:55'),
(995, 5, '1.33239886', '103.77349703', NULL, NULL, NULL, NULL, 321, '2018-01-06 06:32:16'),
(996, 5, '1.33242451', '103.77353906', NULL, NULL, NULL, NULL, 321, '2018-01-06 06:37:07'),
(997, 5, '1.33242451', '103.77353906', NULL, NULL, NULL, NULL, 321, '2018-01-06 06:37:24'),
(998, 5, '1.33242451', '103.77353906', NULL, NULL, NULL, NULL, 321, '2018-01-06 06:37:51'),
(999, 5, '1.33242451', '103.77353906', NULL, NULL, NULL, NULL, 321, '2018-01-06 06:37:54'),
(1001, 5, '1.33245671', '103.77353477', NULL, NULL, NULL, NULL, 321, '2018-01-06 06:48:41'),
(1002, 5, '1.33245671', '103.77353477', NULL, NULL, NULL, NULL, 321, '2018-01-06 06:48:50'),
(1003, 5, '1.33242001', '103.77350838', NULL, NULL, NULL, NULL, 321, '2018-01-06 06:51:15'),
(1004, 5, '1.33242001', '103.77350838', NULL, NULL, NULL, NULL, 321, '2018-01-06 06:51:22'),
(1005, 5, '1.33242573', '103.77354017', NULL, NULL, NULL, NULL, 321, '2018-01-06 06:55:27'),
(1006, 5, '1.33239094', '103.77347464', NULL, NULL, NULL, NULL, 321, '2018-01-06 07:07:47'),
(1007, 5, '1.33239094', '103.77347464', NULL, NULL, NULL, NULL, 321, '2018-01-06 07:07:56'),
(1008, 5, '1.33273489', '103.77333630', NULL, NULL, NULL, NULL, 321, '2018-01-06 07:12:27'),
(1009, 5, '1.33273489', '103.77333630', NULL, NULL, NULL, NULL, 321, '2018-01-06 07:12:33'),
(1010, 5, '1.33238634', '103.77351160', NULL, NULL, NULL, NULL, 321, '2018-01-06 07:19:57'),
(1011, 5, '1.33241647', '103.77343268', NULL, NULL, NULL, NULL, 320, '2018-01-06 07:19:57'),
(1012, 5, '1.33238634', '103.77351160', NULL, NULL, NULL, NULL, 321, '2018-01-06 07:20:48'),
(1013, 5, '1.33247488', '103.77352514', NULL, NULL, NULL, NULL, 321, '2018-01-06 07:25:28'),
(1014, 5, '1.33247488', '103.77352514', NULL, NULL, NULL, NULL, 321, '2018-01-06 07:25:39'),
(1015, 5, '1.33239387', '103.77339929', NULL, NULL, NULL, NULL, 320, '2018-01-06 07:25:52'),
(1016, 5, '1.33239387', '103.77339929', NULL, NULL, NULL, NULL, 320, '2018-01-06 07:25:52'),
(1017, 5, '1.33242754', '103.77352672', NULL, NULL, NULL, NULL, 321, '2018-01-06 07:28:51'),
(1018, 5, '1.33241571', '103.77343078', NULL, NULL, NULL, NULL, 320, '2018-01-06 07:28:52'),
(1019, 5, '1.33238948', '103.77345835', NULL, NULL, NULL, NULL, 320, '2018-01-06 07:38:23'),
(1020, 5, '1.33242706', '103.77353429', NULL, NULL, NULL, NULL, 321, '2018-01-06 07:38:24'),
(1021, 5, '1.33238948', '103.77345835', NULL, NULL, NULL, NULL, 320, '2018-01-06 07:38:30'),
(1022, 5, '1.33242706', '103.77353429', NULL, NULL, NULL, NULL, 321, '2018-01-06 07:38:34'),
(1023, 5, '1.33250176', '103.77354319', NULL, NULL, NULL, NULL, 320, '2018-01-06 07:53:50'),
(1024, 5, '1.33243556', '103.77353059', NULL, NULL, NULL, NULL, 321, '2018-01-06 07:54:39'),
(1025, 5, '1.33241427', '103.77355218', NULL, NULL, NULL, NULL, 321, '2018-01-06 08:07:16'),
(1026, 5, '1.33238994', '103.77341958', NULL, NULL, NULL, NULL, 320, '2018-01-06 08:07:19'),
(1027, 5, '1.33238994', '103.77341958', NULL, NULL, NULL, NULL, 320, '2018-01-06 08:07:21'),
(1028, 5, '1.33238163', '103.77341704', NULL, NULL, NULL, NULL, 321, '2018-01-06 08:08:50'),
(1029, 5, '1.33238163', '103.77341704', NULL, NULL, NULL, NULL, 321, '2018-01-06 08:13:33'),
(1031, 5, '1.33235389', '103.77347008', NULL, NULL, NULL, NULL, 321, '2018-01-06 08:19:11'),
(1032, 5, '1.33235389', '103.77347008', NULL, NULL, NULL, NULL, 321, '2018-01-06 08:19:20'),
(1033, 5, '1.33235389', '103.77347008', NULL, NULL, NULL, NULL, 321, '2018-01-06 08:20:53'),
(1034, 5, '1.33246127', '103.77350298', NULL, NULL, NULL, NULL, 321, '2018-01-06 09:22:09'),
(1035, 5, '1.33248354', '103.77356851', NULL, NULL, NULL, NULL, 320, '2018-01-06 09:22:15'),
(1036, 5, '1.33246127', '103.77350298', NULL, NULL, NULL, NULL, 321, '2018-01-06 09:22:25'),
(1037, 5, '1.33241970', '103.77354276', NULL, NULL, NULL, NULL, 321, '2018-01-06 09:32:33'),
(1038, 5, '1.33241970', '103.77354276', NULL, NULL, NULL, NULL, 321, '2018-01-06 09:32:46'),
(1039, 4, '1.33491099', '103.77633051', NULL, NULL, NULL, NULL, 320, '2018-01-09 06:41:29'),
(1040, 4, '1.33491099', '103.77633051', NULL, NULL, NULL, NULL, 320, '2018-01-09 06:43:34'),
(1041, 4, '1.33491099', '103.77633051', NULL, NULL, NULL, NULL, 320, '2018-01-09 06:46:13'),
(1042, 4, '1.33491172', '103.77635141', NULL, NULL, NULL, NULL, 320, '2018-01-09 06:52:15'),
(1043, 4, '1.33491172', '103.77635141', NULL, NULL, NULL, NULL, 320, '2018-01-09 06:56:21'),
(1044, 4, '1.33490392', '103.77632070', NULL, NULL, NULL, NULL, 320, '2018-01-09 06:59:41'),
(1045, 4, '1.33490898', '103.77633407', NULL, NULL, NULL, NULL, 320, '2018-01-09 07:00:28'),
(1046, 4, '1.33496026', '103.77638829', NULL, NULL, NULL, NULL, 320, '2018-01-09 07:12:02'),
(1047, 4, '1.33491459', '103.77632225', NULL, NULL, NULL, NULL, 320, '2018-01-09 07:17:57'),
(1048, 4, '1.33491242', '103.77630755', NULL, NULL, NULL, NULL, 320, '2018-01-12 04:22:03'),
(1049, 4, '1.33490517', '103.77632015', NULL, NULL, NULL, NULL, 320, '2018-01-12 04:26:12'),
(1050, 4, '1.33492302', '103.77632830', NULL, NULL, NULL, NULL, 320, '2018-01-12 04:29:17'),
(1051, 4, '1.33492302', '103.77632830', NULL, NULL, NULL, NULL, 320, '2018-01-12 04:32:54'),
(1052, 4, '1.33492302', '103.77632830', NULL, NULL, NULL, NULL, 320, '2018-01-12 04:36:56'),
(1053, 4, '1.33492302', '103.77632830', NULL, NULL, NULL, NULL, 320, '2018-01-12 04:42:06'),
(1054, 4, '1.33491503', '103.77632384', NULL, NULL, NULL, NULL, 320, '2018-01-12 04:52:49'),
(1055, 4, '1.33492021', '103.77635041', NULL, NULL, NULL, NULL, 320, '2018-01-12 05:00:17'),
(1056, 4, '1.33491889', '103.77634471', NULL, NULL, NULL, NULL, 320, '2018-01-12 05:16:39'),
(1057, 4, '1.33491889', '103.77634471', NULL, NULL, NULL, NULL, 320, '2018-01-12 05:27:00'),
(1058, 4, '1.33491677', '103.77636248', NULL, NULL, NULL, NULL, 320, '2018-01-12 05:33:11'),
(1059, 4, '1.33491677', '103.77636248', NULL, NULL, NULL, NULL, 320, '2018-01-12 05:34:34'),
(1060, 4, '1.33491710', '103.77634311', NULL, NULL, NULL, NULL, 320, '2018-01-12 05:38:23'),
(1061, 4, '1.33491515', '103.77632357', NULL, NULL, NULL, NULL, 320, '2018-01-12 05:53:16'),
(1062, 4, '1.33491433', '103.77631232', NULL, NULL, NULL, NULL, 320, '2018-01-12 05:54:26'),
(1063, 4, '1.33492010', '103.77635201', NULL, NULL, NULL, NULL, 320, '2018-01-12 06:34:22'),
(1064, 4, '1.33491153', '103.77633378', NULL, NULL, NULL, NULL, 320, '2018-01-12 06:44:26'),
(1065, 4, '1.33493039', '103.77639590', NULL, NULL, NULL, NULL, 320, '2018-01-15 00:28:04'),
(1066, 4, '1.33493011', '103.77640677', NULL, NULL, NULL, NULL, 320, '2018-01-15 00:30:07'),
(1067, 4, '1.33493011', '103.77640677', NULL, NULL, NULL, NULL, 320, '2018-01-15 00:31:58'),
(1068, 4, '1.33493011', '103.77640677', NULL, NULL, NULL, NULL, 320, '2018-01-15 00:34:11'),
(1069, 4, '1.33493011', '103.77640677', NULL, NULL, NULL, NULL, 320, '2018-01-15 00:36:36'),
(1070, 4, '1.33493011', '103.77640677', NULL, NULL, NULL, NULL, 320, '2018-01-15 00:38:44'),
(1071, 4, '1.33493170', '103.77640861', NULL, NULL, NULL, NULL, 320, '2018-01-15 00:43:38'),
(1072, 4, '1.33486447', '103.77621057', NULL, NULL, NULL, NULL, 320, '2018-01-15 01:00:04'),
(1073, 4, '1.33488852', '103.77632488', NULL, NULL, NULL, NULL, 320, '2018-01-15 01:08:06'),
(1074, 4, '1.33484582', '103.77618869', NULL, NULL, NULL, NULL, 320, '2018-01-15 02:02:30'),
(1075, 4, '1.33489105', '103.77641789', NULL, NULL, NULL, NULL, 320, '2018-01-15 02:07:54'),
(1076, 4, '1.33489580', '103.77634691', NULL, NULL, NULL, NULL, 320, '2018-01-15 02:13:29'),
(1077, 4, '1.33488952', '103.77632503', NULL, NULL, NULL, NULL, 320, '2018-01-15 02:14:55'),
(1078, 4, '1.33489301', '103.77633550', NULL, NULL, NULL, NULL, 320, '2018-01-15 02:44:18'),
(1079, 4, '1.33487991', '103.77635629', NULL, NULL, NULL, NULL, 320, '2018-01-15 02:51:00'),
(1080, 4, '1.33488186', '103.77634900', NULL, NULL, NULL, NULL, 320, '2018-01-15 02:57:55'),
(1081, 4, '1.33488045', '103.77634511', NULL, NULL, NULL, NULL, 320, '2018-01-15 03:41:17'),
(1082, 4, '1.33487769', '103.77633944', NULL, NULL, NULL, NULL, 320, '2018-01-15 03:45:03'),
(1083, 4, '1.33488093', '103.77634406', NULL, NULL, NULL, NULL, 320, '2018-01-15 03:55:09'),
(1162, 5, '1.33243546', '103.77577066', NULL, NULL, NULL, NULL, 153, '2018-01-25 03:41:39'),
(1163, 5, '1.33251942', '103.77574321', NULL, NULL, NULL, NULL, 153, '2018-01-25 03:50:31'),
(1164, 5, '1.33240441', '103.77579612', NULL, NULL, NULL, NULL, 153, '2018-01-25 03:58:06'),
(1169, 5, '1.33248533', '103.77574313', NULL, NULL, NULL, NULL, 153, '2018-01-25 04:35:03'),
(1170, 5, '1.33248533', '103.77574313', NULL, NULL, NULL, NULL, 153, '2018-01-25 04:35:07'),
(1171, 5, '1.33248533', '103.77574313', NULL, NULL, NULL, NULL, 153, '2018-01-25 04:35:37'),
(1231, 8, '1.38642850', '103.77174580', NULL, NULL, NULL, NULL, 152, '2018-01-31 07:20:37'),
(1233, 8, '1.38648680', '103.77171720', NULL, NULL, NULL, NULL, 152, '2018-01-31 07:59:11'),
(1234, 8, '1.38664050', '103.77173200', NULL, NULL, NULL, NULL, 152, '2018-01-31 08:20:25'),
(1235, 8, '1.38669260', '103.77158280', NULL, NULL, NULL, NULL, 152, '2018-01-31 08:26:07'),
(1264, 5, '1.33397634', '103.77648484', NULL, NULL, NULL, NULL, 321, '2018-02-27 05:48:39'),
(1265, 4, '1.33397634', '103.77648484', NULL, NULL, NULL, NULL, 321, '2018-02-27 05:50:11'),
(1266, 5, '1.33397634', '103.77648484', NULL, NULL, NULL, NULL, 321, '2018-02-27 05:50:14'),
(1267, 5, '1.33397634', '103.77648484', NULL, NULL, NULL, NULL, 321, '2018-02-27 05:51:43'),
(1268, 4, '1.33397634', '103.77648484', NULL, NULL, NULL, NULL, 321, '2018-02-27 05:51:47'),
(1269, 4, '1.33397634', '103.77648484', NULL, NULL, NULL, NULL, 321, '2018-02-27 07:38:03'),
(1270, 5, '1.33397634', '103.77648484', NULL, NULL, NULL, NULL, 321, '2018-02-27 07:38:10'),
(1271, 4, '1.33397634', '103.77648484', NULL, NULL, NULL, NULL, 321, '2018-02-27 07:38:21'),
(1272, 5, '1.33397634', '103.77648484', NULL, NULL, NULL, NULL, 321, '2018-02-27 07:39:40'),
(1274, 5, '1.33397634', '103.77648484', NULL, NULL, NULL, NULL, 321, '2018-02-27 07:41:15'),
(1275, 5, '1.33397634', '103.77648484', NULL, NULL, NULL, NULL, 321, '2018-02-27 07:42:55'),
(1276, 5, '1.33397634', '103.77648484', NULL, NULL, NULL, NULL, 321, '2018-02-27 07:47:48'),
(1277, 5, '1.33397634', '103.77648484', NULL, NULL, NULL, NULL, 321, '2018-02-27 07:52:54'),
(1278, 5, '1.33397634', '103.77648484', NULL, NULL, NULL, NULL, 321, '2018-02-27 07:57:54'),
(1279, 5, '1.33397634', '103.77648484', NULL, NULL, NULL, NULL, 321, '2018-02-27 08:02:54'),
(1281, 5, '1.33397634', '103.77648484', NULL, NULL, NULL, NULL, 321, '2018-02-27 08:07:51'),
(1284, 5, '1.33397634', '103.77648484', NULL, NULL, NULL, NULL, 321, '2018-02-27 08:24:07'),
(1285, 5, '1.33397634', '103.77648484', NULL, NULL, NULL, NULL, 321, '2018-02-27 08:27:51'),
(1286, 5, '1.33397634', '103.77648484', NULL, NULL, NULL, NULL, 321, '2018-02-27 08:32:52'),
(1287, 5, '1.33397634', '103.77648484', NULL, NULL, NULL, NULL, 321, '2018-02-27 08:37:51'),
(1288, 5, '1.33397634', '103.77648484', NULL, NULL, NULL, NULL, 321, '2018-02-27 08:55:35'),
(1289, 5, '1.33264202', '103.77799806', NULL, NULL, NULL, NULL, 321, '2018-02-27 09:11:49'),
(1290, 4, '1.33264202', '103.77799806', NULL, NULL, NULL, NULL, 321, '2018-02-27 09:11:58'),
(1291, 5, '1.34705779', '103.75403251', NULL, NULL, NULL, NULL, 321, '2018-02-27 15:23:44'),
(1292, 5, '1.34705779', '103.75403251', NULL, NULL, NULL, NULL, 321, '2018-02-27 15:24:03'),
(1293, 5, '1.34705779', '103.75403251', NULL, NULL, NULL, NULL, 321, '2018-02-27 15:24:16'),
(1294, 5, '1.34705779', '103.75403251', NULL, NULL, NULL, NULL, 321, '2018-02-27 15:24:21'),
(1295, 5, '1.34705779', '103.75403251', NULL, NULL, NULL, NULL, 321, '2018-02-27 15:26:37'),
(1296, 5, '1.34705779', '103.75403251', NULL, NULL, NULL, NULL, 321, '2018-02-27 15:27:51'),
(1297, 5, '1.34705779', '103.75403251', NULL, NULL, NULL, NULL, 321, '2018-02-27 15:29:37'),
(1298, 5, '1.34705779', '103.75403251', NULL, NULL, NULL, NULL, 321, '2018-02-27 15:29:37'),
(1299, 5, '1.33203153', '103.77700965', NULL, NULL, NULL, NULL, 321, '2018-02-28 01:00:36'),
(1304, 5, '1.33398850', '103.77674701', NULL, NULL, NULL, NULL, 321, '2018-02-28 01:46:29'),
(1305, 5, '1.33398850', '103.77674701', NULL, NULL, NULL, NULL, 321, '2018-02-28 01:46:51'),
(1320, 5, '1.33304755', '103.77722971', NULL, NULL, NULL, NULL, 321, '2018-02-28 03:02:52'),
(1321, 5, '1.34705468', '103.75415294', NULL, NULL, NULL, NULL, 321, '2018-02-28 10:04:57'),
(1322, 5, '1.34705468', '103.75415294', NULL, NULL, NULL, NULL, 321, '2018-02-28 10:04:58'),
(1323, 5, '1.34705233', '103.75403318', NULL, NULL, NULL, NULL, 321, '2018-02-28 10:24:25'),
(1324, 5, '1.34706203', '103.75405630', NULL, NULL, NULL, NULL, 321, '2018-02-28 14:51:02'),
(1325, 5, '1.34707138', '103.75402237', NULL, NULL, NULL, NULL, 321, '2018-02-28 15:15:02'),
(1326, 5, '1.34707933', '103.75399483', NULL, NULL, NULL, NULL, 321, '2018-02-28 16:26:24'),
(1327, 5, '1.34707933', '103.75399483', NULL, NULL, NULL, NULL, 321, '2018-02-28 16:27:03'),
(1328, 5, '1.34708449', '103.75397661', NULL, NULL, NULL, NULL, 321, '2018-03-07 01:39:47'),
(1329, 5, '1.33100842', '103.77796246', NULL, NULL, NULL, NULL, 321, '2018-03-07 03:56:22'),
(1330, 5, '1.33100842', '103.77796246', NULL, NULL, NULL, NULL, 321, '2018-03-07 04:03:44'),
(1331, 5, '1.33100842', '103.77796246', NULL, NULL, NULL, NULL, 321, '2018-03-07 05:50:47'),
(1332, 5, '1.00000000', '1.00000000', NULL, NULL, NULL, NULL, 11, '2018-04-07 11:34:43'),
(1333, 5, '1.00000000', '1.00000000', NULL, NULL, NULL, NULL, 11, '2018-04-07 11:34:45'),
(1334, 5, '1.00000000', '1.00000000', NULL, NULL, NULL, NULL, 11, '2018-04-07 13:14:15'),
(1335, 5, '1.00000000', '1.00000000', NULL, NULL, NULL, NULL, 321, '2018-04-08 05:24:24'),
(1336, 5, '1.00000000', '1.00000000', NULL, NULL, NULL, NULL, 11, '2018-04-08 09:25:14'),
(1337, 5, '1.00000000', '1.00000000', NULL, NULL, NULL, NULL, 11, '2018-04-08 09:25:16'),
(1338, 5, '1.34704659', '103.75407791', NULL, NULL, NULL, NULL, 321, '2018-04-08 10:46:59'),
(1339, 5, '1.34704042', '103.75404919', NULL, NULL, NULL, NULL, 321, '2018-04-08 10:50:13'),
(1340, 5, '1.34706390', '103.75405439', NULL, NULL, NULL, NULL, 321, '2018-04-08 10:51:43'),
(1341, 5, '1.34706390', '103.75405439', NULL, NULL, NULL, NULL, 321, '2018-04-08 10:53:06'),
(1342, 5, '1.34706390', '103.75405439', NULL, NULL, NULL, NULL, 321, '2018-04-08 10:54:39'),
(1346, 5, '1.34705375', '103.75406256', NULL, NULL, NULL, NULL, 321, '2018-04-08 11:07:42'),
(1347, 4, '1.34706628', '103.75401873', NULL, NULL, NULL, NULL, 321, '2018-04-08 11:11:42'),
(1348, 5, '1.34706628', '103.75401873', NULL, NULL, NULL, NULL, 321, '2018-04-08 11:11:51'),
(1349, 5, '1.00000000', '1.00000000', NULL, NULL, NULL, NULL, 11, '2018-04-09 03:10:51'),
(1350, 5, '1.34708533', '103.75405669', NULL, NULL, NULL, NULL, 321, '2018-04-10 05:03:06'),
(1351, 5, '1.34707301', '103.75404366', NULL, NULL, NULL, NULL, 321, '2018-04-10 05:20:04'),
(1352, 5, '1.34707301', '103.75404366', NULL, NULL, NULL, NULL, 321, '2018-04-10 05:20:05'),
(1353, 5, '1.34706679', '103.75402366', NULL, NULL, NULL, NULL, 321, '2018-04-10 05:52:08'),
(1354, 5, '1.34706802', '103.75404961', NULL, NULL, NULL, NULL, 321, '2018-04-10 06:10:49'),
(1355, 5, '1.34706802', '103.75404961', NULL, NULL, NULL, NULL, 321, '2018-04-10 06:10:49'),
(1356, 5, '1.34706802', '103.75404961', NULL, NULL, NULL, NULL, 321, '2018-04-10 06:10:50'),
(1357, 5, '1.34706802', '103.75404961', NULL, NULL, NULL, NULL, 321, '2018-04-10 06:10:50'),
(1358, 5, '1.34706802', '103.75404961', NULL, NULL, NULL, NULL, 321, '2018-04-10 06:10:50'),
(1359, 5, '1.34706802', '103.75404961', NULL, NULL, NULL, NULL, 321, '2018-04-10 06:10:51'),
(1360, 5, '1.34706802', '103.75404961', NULL, NULL, NULL, NULL, 321, '2018-04-10 06:10:51'),
(1361, 5, '1.34706802', '103.75404961', NULL, NULL, NULL, NULL, 321, '2018-04-10 06:10:51'),
(1362, 5, '1.34706802', '103.75404961', NULL, NULL, NULL, NULL, 321, '2018-04-10 06:10:51'),
(1363, 5, '1.34706802', '103.75404961', NULL, NULL, NULL, NULL, 321, '2018-04-10 06:10:51'),
(1364, 5, '1.34706802', '103.75404961', NULL, NULL, NULL, NULL, 321, '2018-04-10 06:10:55'),
(1365, 5, '1.34706802', '103.75404961', NULL, NULL, NULL, NULL, 321, '2018-04-10 06:10:55'),
(1366, 5, '1.34706802', '103.75404961', NULL, NULL, NULL, NULL, 321, '2018-04-10 06:10:55'),
(1367, 5, '1.34706802', '103.75404961', NULL, NULL, NULL, NULL, 321, '2018-04-10 06:10:55'),
(1368, 5, '1.34706802', '103.75404961', NULL, NULL, NULL, NULL, 321, '2018-04-10 06:10:55'),
(1369, 5, '1.34706802', '103.75404961', NULL, NULL, NULL, NULL, 321, '2018-04-10 06:10:56'),
(1370, 5, '1.34706802', '103.75404961', NULL, NULL, NULL, NULL, 321, '2018-04-10 06:10:56'),
(1371, 5, '1.34706802', '103.75404961', NULL, NULL, NULL, NULL, 321, '2018-04-10 06:10:56'),
(1372, 5, '1.34706802', '103.75404961', NULL, NULL, NULL, NULL, 321, '2018-04-10 06:10:56'),
(1373, 5, '1.34706802', '103.75404961', NULL, NULL, NULL, NULL, 321, '2018-04-10 06:10:56'),
(1374, 5, '1.34706802', '103.75404961', NULL, NULL, NULL, NULL, 321, '2018-04-10 06:10:59'),
(1375, 5, '1.34706802', '103.75404961', NULL, NULL, NULL, NULL, 321, '2018-04-10 06:10:59'),
(1376, 5, '1.34706802', '103.75404961', NULL, NULL, NULL, NULL, 321, '2018-04-10 06:11:00'),
(1377, 5, '1.34706802', '103.75404961', NULL, NULL, NULL, NULL, 321, '2018-04-10 06:11:00'),
(1378, 5, '1.34706802', '103.75404961', NULL, NULL, NULL, NULL, 321, '2018-04-10 06:11:00'),
(1379, 5, '1.34706802', '103.75404961', NULL, NULL, NULL, NULL, 321, '2018-04-10 06:11:37'),
(1380, 5, '1.34706802', '103.75404961', NULL, NULL, NULL, NULL, 321, '2018-04-10 06:11:37'),
(1381, 5, '1.34706802', '103.75404961', NULL, NULL, NULL, NULL, 321, '2018-04-10 06:11:37'),
(1382, 5, '1.34706802', '103.75404961', NULL, NULL, NULL, NULL, 321, '2018-04-10 06:11:37'),
(1383, 5, '1.34706802', '103.75404961', NULL, NULL, NULL, NULL, 321, '2018-04-10 06:11:37'),
(1384, 5, '1.34706802', '103.75404961', NULL, NULL, NULL, NULL, 321, '2018-04-10 06:11:37'),
(1385, 5, '1.34706802', '103.75404961', NULL, NULL, NULL, NULL, 321, '2018-04-10 06:11:37'),
(1386, 5, '1.34706802', '103.75404961', NULL, NULL, NULL, NULL, 321, '2018-04-10 06:11:37'),
(1387, 5, '1.34706802', '103.75404961', NULL, NULL, NULL, NULL, 321, '2018-04-10 06:11:37'),
(1388, 5, '1.34706802', '103.75404961', NULL, NULL, NULL, NULL, 321, '2018-04-10 06:11:37'),
(1389, 5, '1.34706802', '103.75404961', NULL, NULL, NULL, NULL, 321, '2018-04-10 06:11:38'),
(1390, 5, '1.34706802', '103.75404961', NULL, NULL, NULL, NULL, 321, '2018-04-10 06:11:38'),
(1391, 5, '1.34706802', '103.75404961', NULL, NULL, NULL, NULL, 321, '2018-04-10 06:11:38'),
(1392, 5, '1.34706802', '103.75404961', NULL, NULL, NULL, NULL, 321, '2018-04-10 06:11:38'),
(1393, 5, '1.34706802', '103.75404961', NULL, NULL, NULL, NULL, 321, '2018-04-10 06:11:38'),
(1394, 5, '1.34706802', '103.75404961', NULL, NULL, NULL, NULL, 321, '2018-04-10 06:12:34'),
(1395, 5, '1.34706802', '103.75404961', NULL, NULL, NULL, NULL, 321, '2018-04-10 06:12:42'),
(1396, 5, '1.34706802', '103.75404961', NULL, NULL, NULL, NULL, 321, '2018-04-10 06:12:42'),
(1397, 5, '1.34706802', '103.75404961', NULL, NULL, NULL, NULL, 321, '2018-04-10 06:12:42'),
(1398, 5, '1.34706802', '103.75404961', NULL, NULL, NULL, NULL, 321, '2018-04-10 06:12:42'),
(1399, 5, '1.34706802', '103.75404961', NULL, NULL, NULL, NULL, 321, '2018-04-10 06:12:43'),
(1400, 5, '1.34706802', '103.75404961', NULL, NULL, NULL, NULL, 321, '2018-04-10 06:12:43'),
(1401, 5, '1.34710260', '103.75400190', NULL, NULL, NULL, NULL, 321, '2018-04-10 06:21:03'),
(1402, 5, '1.34710260', '103.75400190', NULL, NULL, NULL, NULL, 321, '2018-04-10 06:21:03'),
(1403, 5, '1.34710260', '103.75400190', NULL, NULL, NULL, NULL, 321, '2018-04-10 06:21:03'),
(1404, 5, '1.34710260', '103.75400190', NULL, NULL, NULL, NULL, 321, '2018-04-10 06:21:03'),
(1405, 5, '1.34710260', '103.75400190', NULL, NULL, NULL, NULL, 321, '2018-04-10 06:21:03'),
(1406, 5, '1.34710260', '103.75400190', NULL, NULL, NULL, NULL, 321, '2018-04-10 06:21:03'),
(1407, 5, '1.34710260', '103.75400190', NULL, NULL, NULL, NULL, 321, '2018-04-10 06:21:03'),
(1408, 5, '1.34710260', '103.75400190', NULL, NULL, NULL, NULL, 321, '2018-04-10 06:21:03'),
(1409, 5, '1.34710260', '103.75400190', NULL, NULL, NULL, NULL, 321, '2018-04-10 06:21:03'),
(1410, 5, '1.34710260', '103.75400190', NULL, NULL, NULL, NULL, 321, '2018-04-10 06:21:03'),
(1411, 5, '1.34710260', '103.75400190', NULL, NULL, NULL, NULL, 321, '2018-04-10 06:21:03'),
(1412, 5, '1.34710260', '103.75400190', NULL, NULL, NULL, NULL, 321, '2018-04-10 06:21:03'),
(1413, 5, '1.34710260', '103.75400190', NULL, NULL, NULL, NULL, 321, '2018-04-10 06:21:03'),
(1414, 5, '1.34710260', '103.75400190', NULL, NULL, NULL, NULL, 321, '2018-04-10 06:21:03'),
(1415, 5, '1.34710260', '103.75400190', NULL, NULL, NULL, NULL, 321, '2018-04-10 06:21:03'),
(1416, 5, '1.34710260', '103.75400190', NULL, NULL, NULL, NULL, 321, '2018-04-10 06:21:03'),
(1417, 5, '1.34710260', '103.75400190', NULL, NULL, NULL, NULL, 321, '2018-04-10 06:21:03'),
(1418, 5, '1.34710260', '103.75400190', NULL, NULL, NULL, NULL, 321, '2018-04-10 06:21:03'),
(1419, 5, '1.34710260', '103.75400190', NULL, NULL, NULL, NULL, 321, '2018-04-10 06:21:03'),
(1420, 5, '1.34710260', '103.75400190', NULL, NULL, NULL, NULL, 321, '2018-04-10 06:21:04'),
(1421, 5, '1.34710260', '103.75400190', NULL, NULL, NULL, NULL, 321, '2018-04-10 06:21:04'),
(1422, 5, '1.34710260', '103.75400190', NULL, NULL, NULL, NULL, 321, '2018-04-10 06:21:04'),
(1423, 5, '1.34710260', '103.75400190', NULL, NULL, NULL, NULL, 321, '2018-04-10 06:21:04'),
(1424, 5, '1.34710260', '103.75400190', NULL, NULL, NULL, NULL, 321, '2018-04-10 06:21:04'),
(1425, 5, '1.34710260', '103.75400190', NULL, NULL, NULL, NULL, 321, '2018-04-10 06:21:04'),
(1426, 5, '1.34710260', '103.75400190', NULL, NULL, NULL, NULL, 321, '2018-04-10 06:21:04'),
(1427, 5, '1.34710260', '103.75400190', NULL, NULL, NULL, NULL, 321, '2018-04-10 06:21:04'),
(1428, 5, '1.34710260', '103.75400190', NULL, NULL, NULL, NULL, 321, '2018-04-10 06:21:04'),
(1429, 5, '1.34710260', '103.75400190', NULL, NULL, NULL, NULL, 321, '2018-04-10 06:21:04'),
(1430, 5, '1.34710260', '103.75400190', NULL, NULL, NULL, NULL, 321, '2018-04-10 06:21:04'),
(1431, 5, '1.34710260', '103.75400190', NULL, NULL, NULL, NULL, 321, '2018-04-10 06:21:04'),
(1432, 5, '1.34710260', '103.75400190', NULL, NULL, NULL, NULL, 321, '2018-04-10 06:21:04'),
(1433, 5, '1.34710260', '103.75400190', NULL, NULL, NULL, NULL, 321, '2018-04-10 06:21:04'),
(1434, 5, '1.34710260', '103.75400190', NULL, NULL, NULL, NULL, 321, '2018-04-10 06:21:04'),
(1435, 5, '1.34710260', '103.75400190', NULL, NULL, NULL, NULL, 321, '2018-04-10 06:21:05'),
(1436, 5, '1.34710260', '103.75400190', NULL, NULL, NULL, NULL, 321, '2018-04-10 06:21:05'),
(1437, 5, '1.34710260', '103.75400190', NULL, NULL, NULL, NULL, 321, '2018-04-10 06:21:05'),
(1438, 5, '1.34710260', '103.75400190', NULL, NULL, NULL, NULL, 321, '2018-04-10 06:21:05'),
(1439, 5, '1.34710260', '103.75400190', NULL, NULL, NULL, NULL, 321, '2018-04-10 06:21:05'),
(1440, 5, '1.34710260', '103.75400190', NULL, NULL, NULL, NULL, 321, '2018-04-10 06:21:05'),
(1441, 5, '1.34707508', '103.75402094', NULL, NULL, NULL, NULL, 321, '2018-04-11 09:06:13'),
(1442, 5, '1.34706784', '103.75404787', NULL, NULL, NULL, NULL, 321, '2018-04-11 09:11:57'),
(1443, 5, '1.34706784', '103.75404787', NULL, NULL, NULL, NULL, 321, '2018-04-11 09:17:50'),
(1444, 5, '1.34706784', '103.75404787', NULL, NULL, NULL, NULL, 321, '2018-04-11 09:28:45'),
(1445, 5, '1.34705587', '103.75406023', NULL, NULL, NULL, NULL, 321, '2018-04-11 09:40:12'),
(1446, 5, '1.34710313', '103.75403905', NULL, NULL, NULL, NULL, 321, '2018-04-12 14:47:22'),
(1447, 5, '1.34706183', '103.75406865', NULL, NULL, NULL, NULL, 321, '2018-04-12 14:47:25'),
(1448, 5, '1.34706315', '103.75405789', NULL, NULL, NULL, NULL, 321, '2018-04-12 16:30:49'),
(1449, 5, '1.00000000', '1.00000000', NULL, NULL, NULL, NULL, 11, '2018-04-13 13:45:15'),
(1450, 5, '1.00000000', '1.00000000', NULL, NULL, NULL, NULL, 11, '2018-04-13 13:46:00'),
(1451, 5, '1.00000000', '1.00000000', NULL, NULL, NULL, NULL, 11, '2018-04-13 13:47:41'),
(1452, 5, '1.00000000', '1.00000000', NULL, NULL, NULL, NULL, 11, '2018-04-13 14:01:24'),
(1453, 5, '1.00000000', '1.00000000', NULL, NULL, NULL, NULL, 11, '2018-04-13 14:02:10'),
(1454, 5, '1.00000000', '1.00000000', NULL, NULL, NULL, NULL, 11, '2018-04-13 14:03:14'),
(1455, 5, '1.00000000', '1.00000000', NULL, NULL, NULL, NULL, 11, '2018-04-13 14:03:31'),
(1456, 5, '1.00000000', '1.00000000', NULL, NULL, NULL, NULL, 11, '2018-04-13 14:26:51'),
(1457, 5, '1.00000000', '1.00000000', NULL, NULL, NULL, NULL, 11, '2018-04-13 14:27:47'),
(1458, 5, '1.00000000', '1.00000000', NULL, NULL, NULL, NULL, 11, '2018-04-13 14:40:33'),
(1459, 5, '1.00000000', '1.00000000', NULL, NULL, NULL, NULL, 11, '2018-04-13 14:45:43'),
(1460, 5, '1.00000000', '1.00000000', NULL, NULL, NULL, NULL, 11, '2018-04-13 14:46:23'),
(1461, 5, '1.00000000', '1.00000000', NULL, NULL, NULL, NULL, 11, '2018-04-13 14:47:44'),
(1462, 5, '1.00000000', '1.00000000', NULL, NULL, NULL, NULL, 11, '2018-04-13 14:50:59'),
(1463, 5, '1.00000000', '1.00000000', NULL, NULL, NULL, NULL, 11, '2018-04-13 14:51:51'),
(1464, 5, '1.00000000', '1.00000000', NULL, NULL, NULL, NULL, 11, '2018-04-13 14:55:40'),
(1465, 5, '1.00000000', '1.00000000', NULL, NULL, NULL, NULL, 11, '2018-04-13 14:56:14'),
(1466, 5, '1.00000000', '1.00000000', NULL, NULL, NULL, NULL, 11, '2018-04-13 14:56:33'),
(1467, 5, '1.00000000', '1.00000000', NULL, NULL, NULL, NULL, 11, '2018-04-13 15:09:08'),
(1468, 5, '1.00000000', '1.00000000', NULL, NULL, NULL, NULL, 11, '2018-04-13 15:09:51'),
(1469, 5, '1.00000000', '1.00000000', NULL, NULL, NULL, NULL, 11, '2018-04-13 15:10:30'),
(1470, 5, '1.00000000', '1.00000000', NULL, NULL, NULL, NULL, 11, '2018-04-14 03:55:11'),
(1471, 5, '1.00000000', '1.00000000', NULL, NULL, NULL, NULL, 11, '2018-04-14 03:56:27'),
(1472, 5, '1.00000000', '1.00000000', NULL, NULL, NULL, NULL, 11, '2018-04-14 03:56:28'),
(1473, 5, '1.00000000', '1.00000000', NULL, NULL, NULL, NULL, 11, '2018-04-14 04:01:57'),
(1474, 5, '1.00000000', '1.00000000', NULL, NULL, NULL, NULL, 11, '2018-04-14 05:00:03'),
(1475, 5, '1.00000000', '1.00000000', NULL, NULL, NULL, NULL, 11, '2018-04-14 05:02:02'),
(1476, 5, '1.00000000', '1.00000000', NULL, NULL, NULL, NULL, 11, '2018-04-14 05:02:44'),
(1477, 5, '1.00000000', '1.00000000', NULL, NULL, NULL, NULL, 11, '2018-04-14 05:03:49'),
(1478, 5, '1.00000000', '1.00000000', NULL, NULL, NULL, NULL, 11, '2018-04-14 05:05:19'),
(1479, 5, '1.00000000', '1.00000000', NULL, NULL, NULL, NULL, 11, '2018-04-14 05:06:10'),
(1480, 5, '1.00000000', '1.00000000', NULL, NULL, NULL, NULL, 11, '2018-04-14 05:07:50'),
(1481, 5, '1.00000000', '1.00000000', NULL, NULL, NULL, NULL, 11, '2018-04-14 05:09:40'),
(1482, 5, '1.00000000', '1.00000000', NULL, NULL, NULL, NULL, 11, '2018-04-14 05:10:43'),
(1483, 5, '1.00000000', '1.00000000', NULL, NULL, NULL, NULL, 11, '2018-04-14 05:11:42'),
(1484, 5, '1.00000000', '1.00000000', NULL, NULL, NULL, NULL, 11, '2018-04-14 05:11:44'),
(1485, 5, '1.00000000', '1.00000000', NULL, NULL, NULL, NULL, 11, '2018-04-14 05:17:46'),
(1486, 5, '1.00000000', '1.00000000', NULL, NULL, NULL, NULL, 11, '2018-04-14 05:18:50'),
(1487, 5, '1.00000000', '1.00000000', NULL, NULL, NULL, NULL, 11, '2018-04-14 05:29:36'),
(1488, 5, '1.00000000', '1.00000000', NULL, NULL, NULL, NULL, 11, '2018-04-14 05:30:00'),
(1489, 5, '1.00000000', '1.00000000', NULL, NULL, NULL, NULL, 11, '2018-04-14 05:31:50'),
(1490, 5, '1.00000000', '1.00000000', NULL, NULL, NULL, NULL, 11, '2018-04-14 05:35:11'),
(1491, 5, '1.00000000', '1.00000000', NULL, NULL, NULL, NULL, 11, '2018-04-14 05:36:32'),
(1492, 5, '1.00000000', '1.00000000', NULL, NULL, NULL, NULL, 11, '2018-04-14 05:47:01'),
(1493, 5, '1.00000000', '1.00000000', NULL, NULL, NULL, NULL, 11, '2018-04-14 05:57:04'),
(1494, 5, '1.00000000', '1.00000000', NULL, NULL, NULL, NULL, 11, '2018-04-14 06:07:34'),
(1495, 5, '1.00000000', '1.00000000', NULL, NULL, NULL, NULL, 11, '2018-04-14 06:24:36'),
(1496, 5, '1.00000000', '1.00000000', NULL, NULL, NULL, NULL, 11, '2018-04-14 06:37:12'),
(1497, 5, '1.00000000', '1.00000000', NULL, NULL, NULL, NULL, 11, '2018-04-14 06:56:56'),
(1498, 5, '1.00000000', '1.00000000', NULL, NULL, NULL, NULL, 11, '2018-04-14 06:58:16'),
(1499, 5, '1.00000000', '1.00000000', NULL, NULL, NULL, NULL, 11, '2018-04-14 07:10:19'),
(1500, 5, '1.00000000', '1.00000000', NULL, NULL, NULL, NULL, 11, '2018-04-14 07:10:41'),
(1501, 5, '1.00000000', '1.00000000', NULL, NULL, NULL, NULL, 11, '2018-04-15 04:34:52'),
(1502, 5, '1.00000000', '1.00000000', NULL, NULL, NULL, NULL, 11, '2018-04-15 04:35:59'),
(1503, 5, '1.00000000', '1.00000000', NULL, NULL, NULL, NULL, 11, '2018-04-15 04:43:28'),
(1504, 5, '1.00000000', '1.00000000', NULL, NULL, NULL, NULL, 11, '2018-04-15 04:48:25'),
(1505, 5, '1.00000000', '1.00000000', NULL, NULL, NULL, NULL, 11, '2018-04-15 05:05:55'),
(1506, 5, '1.00000000', '1.00000000', NULL, NULL, NULL, NULL, 11, '2018-04-15 05:15:50'),
(1507, 5, '1.00000000', '1.00000000', NULL, NULL, NULL, NULL, 11, '2018-04-15 05:16:51'),
(1508, 5, '1.00000000', '1.00000000', NULL, NULL, NULL, NULL, 11, '2018-04-15 05:32:19'),
(1509, 5, '1.00000000', '1.00000000', NULL, NULL, NULL, NULL, 11, '2018-04-15 06:08:25'),
(1510, 5, '1.00000000', '1.00000000', NULL, NULL, NULL, NULL, 11, '2018-04-15 06:09:58'),
(1511, 5, '1.00000000', '1.00000000', NULL, NULL, NULL, NULL, 11, '2018-04-15 06:11:51'),
(1512, 5, '1.00000000', '1.00000000', NULL, NULL, NULL, NULL, 11, '2018-04-15 06:13:21'),
(1513, 5, '1.00000000', '1.00000000', NULL, NULL, NULL, NULL, 11, '2018-04-15 06:15:19'),
(1514, 5, '1.00000000', '1.00000000', NULL, NULL, NULL, NULL, 11, '2018-04-15 06:16:54'),
(1515, 5, '1.00000000', '1.00000000', NULL, NULL, NULL, NULL, 11, '2018-04-15 06:18:01'),
(1516, 5, '1.00000000', '1.00000000', NULL, NULL, NULL, NULL, 11, '2018-04-15 06:43:04'),
(1517, 5, '1.00000000', '1.00000000', NULL, NULL, NULL, NULL, 11, '2018-04-15 06:47:58'),
(1518, 5, '1.00000000', '1.00000000', NULL, NULL, NULL, NULL, 11, '2018-04-15 06:57:06'),
(1519, 5, '1.00000000', '1.00000000', NULL, NULL, NULL, NULL, 11, '2018-04-15 06:57:26'),
(1520, 5, '1.00000000', '1.00000000', NULL, NULL, NULL, NULL, 11, '2018-04-15 07:01:39'),
(1521, 5, '1.00000000', '1.00000000', NULL, NULL, NULL, NULL, 11, '2018-04-15 07:03:41'),
(1522, 5, '1.00000000', '1.00000000', NULL, NULL, NULL, NULL, 11, '2018-04-15 07:07:15'),
(1523, 5, '1.00000000', '1.00000000', NULL, NULL, NULL, NULL, 11, '2018-04-15 07:28:28'),
(1524, 5, '1.00000000', '1.00000000', NULL, NULL, NULL, NULL, 11, '2018-04-15 07:47:53'),
(1525, 5, '1.00000000', '1.00000000', NULL, NULL, NULL, NULL, 11, '2018-04-15 07:48:28'),
(1526, 5, '1.00000000', '1.00000000', NULL, NULL, NULL, NULL, 321, '2018-04-15 07:49:11'),
(1527, 4, '1.00000000', '1.00000000', NULL, NULL, NULL, NULL, 321, '2018-04-15 07:49:48'),
(1528, 4, '1.00000000', '1.00000000', NULL, NULL, NULL, NULL, 11, '2018-04-15 07:49:57'),
(1529, 7, '1.00000000', '1.00000000', NULL, NULL, NULL, NULL, 321, '2018-04-15 07:50:48'),
(1530, 7, '1.00000000', '1.00000000', NULL, NULL, NULL, NULL, 321, '2018-04-15 07:50:56'),
(1531, 7, '1.00000000', '1.00000000', NULL, NULL, NULL, NULL, 321, '2018-04-15 07:51:50'),
(1532, 5, '1.00000000', '1.00000000', NULL, NULL, NULL, NULL, 321, '2018-04-15 07:52:06'),
(1533, 5, '1.34704560', '103.75410028', NULL, NULL, NULL, NULL, 321, '2018-04-15 08:34:47'),
(1534, 5, '1.34714174', '103.75405949', NULL, NULL, NULL, NULL, 321, '2018-04-15 08:43:45'),
(1535, 5, '1.00000000', '1.00000000', NULL, NULL, NULL, NULL, 321, '2018-04-15 08:44:17'),
(1536, 5, '1.34704674', '103.75409520', NULL, NULL, NULL, NULL, 321, '2018-04-15 09:06:02'),
(1537, 5, '1.00000000', '1.00000000', NULL, NULL, NULL, NULL, 321, '2018-04-15 11:47:11'),
(1538, 5, '1.00000000', '1.00000000', NULL, NULL, NULL, NULL, 321, '2018-04-16 02:27:25'),
(1539, 5, '1.00000000', '1.00000000', NULL, NULL, NULL, NULL, 321, '2018-04-16 02:27:48'),
(1540, 5, '1.00000000', '1.00000000', NULL, NULL, NULL, NULL, 321, '2018-04-16 02:27:53'),
(1541, 5, '1.00000000', '1.00000000', NULL, NULL, NULL, NULL, 321, '2018-04-16 02:34:15'),
(1542, 5, '1.34710596', '103.75403818', NULL, NULL, NULL, NULL, 321, '2018-04-16 04:49:36'),
(1543, 5, '1.34709609', '103.75397289', NULL, NULL, NULL, NULL, 321, '2018-04-16 05:11:38'),
(1544, 5, '1.34746245', '103.75528301', NULL, NULL, NULL, NULL, 321, '2018-04-16 05:23:17'),
(1545, 5, '1.34706736', '103.75404968', NULL, NULL, NULL, NULL, 321, '2018-04-16 06:25:56'),
(1546, 5, '1.34708692', '103.75404762', NULL, NULL, NULL, NULL, 321, '2018-04-16 10:04:45'),
(1547, 5, '1.34708692', '103.75404762', NULL, NULL, NULL, NULL, 321, '2018-04-16 10:04:47'),
(1548, 5, '1.34708692', '103.75404762', NULL, NULL, NULL, NULL, 321, '2018-04-16 10:05:57'),
(1549, 5, '1.34708692', '103.75404762', NULL, NULL, NULL, NULL, 321, '2018-04-16 10:06:03');
INSERT INTO `location_history` (`id`, `beacon_id`, `latitude`, `longitude`, `address`, `resident_id`, `missing_id`, `locator_id`, `user_id`, `created_at`) VALUES
(1550, 5, '1.34708692', '103.75404762', NULL, NULL, NULL, NULL, 321, '2018-04-16 10:06:59'),
(1551, 5, '1.34708692', '103.75404762', NULL, NULL, NULL, NULL, 321, '2018-04-16 10:07:00'),
(1552, 5, '1.34709191', '103.75400462', NULL, NULL, NULL, NULL, 321, '2018-04-16 10:08:19'),
(1553, 5, '1.34709191', '103.75400462', NULL, NULL, NULL, NULL, 321, '2018-04-16 10:08:27'),
(1554, 5, '1.34709191', '103.75400462', NULL, NULL, NULL, NULL, 321, '2018-04-16 10:14:36'),
(1555, 5, '1.34709191', '103.75400462', NULL, NULL, NULL, NULL, 321, '2018-04-16 10:14:42'),
(1556, 5, '1.34709191', '103.75400462', NULL, NULL, NULL, NULL, 321, '2018-04-16 10:15:17'),
(1557, 5, '1.34709191', '103.75400462', NULL, NULL, NULL, NULL, 321, '2018-04-16 10:15:21'),
(1558, 5, '1.34709191', '103.75400462', NULL, NULL, NULL, NULL, 321, '2018-04-16 10:17:50'),
(1559, 5, '1.34706318', '103.75401753', NULL, NULL, NULL, NULL, 321, '2018-04-16 10:17:56'),
(1560, 5, '1.34706318', '103.75401753', NULL, NULL, NULL, NULL, 321, '2018-04-16 10:18:16'),
(1561, 5, '1.34706318', '103.75401753', NULL, NULL, NULL, NULL, 321, '2018-04-16 10:18:20'),
(1562, 4, '1.34706318', '103.75401753', NULL, NULL, NULL, NULL, 321, '2018-04-16 10:19:43'),
(1563, 4, '1.34706318', '103.75401753', NULL, NULL, NULL, NULL, 321, '2018-04-16 10:19:44'),
(1564, 5, '1.34706318', '103.75401753', NULL, NULL, NULL, NULL, 321, '2018-04-16 10:19:45'),
(1565, 4, '1.34706318', '103.75401753', NULL, NULL, NULL, NULL, 321, '2018-04-16 10:20:53'),
(1566, 5, '1.34706318', '103.75401753', NULL, NULL, NULL, NULL, 321, '2018-04-16 10:20:53'),
(1567, 4, '1.34706318', '103.75401753', NULL, NULL, NULL, NULL, 321, '2018-04-16 10:21:06'),
(1568, 5, '1.34706318', '103.75401753', NULL, NULL, NULL, NULL, 321, '2018-04-16 10:21:06'),
(1569, 4, '1.34706318', '103.75401753', NULL, NULL, NULL, NULL, 321, '2018-04-16 10:21:06'),
(1570, 5, '1.34706318', '103.75401753', NULL, NULL, NULL, NULL, 321, '2018-04-16 10:21:10'),
(1579, 5, '1.34710238', '103.75401888', NULL, NULL, NULL, NULL, 321, '2018-04-16 12:53:56'),
(1580, 5, '1.34710238', '103.75401888', NULL, NULL, NULL, NULL, 321, '2018-04-16 12:54:03'),
(1581, 5, '1.00000000', '1.00000000', NULL, NULL, NULL, NULL, 321, '2018-04-16 12:54:38'),
(1582, 5, '1.00000000', '1.00000000', NULL, NULL, NULL, NULL, 321, '2018-04-16 12:58:30'),
(1583, 5, '1.00000000', '1.00000000', NULL, NULL, NULL, NULL, 321, '2018-04-16 12:59:00'),
(1584, 5, '1.00000000', '1.00000000', NULL, NULL, NULL, NULL, 321, '2018-04-16 12:59:56'),
(1585, 5, '1.00000000', '1.00000000', NULL, NULL, NULL, NULL, 321, '2018-04-16 13:00:03'),
(1586, 5, '1.00000000', '1.00000000', NULL, NULL, NULL, NULL, 321, '2018-04-16 13:02:54'),
(1587, 5, '1.00000000', '1.00000000', NULL, NULL, NULL, NULL, 321, '2018-04-16 13:03:37'),
(1588, 5, '1.34710418', '103.75399728', NULL, NULL, NULL, NULL, 321, '2018-04-16 13:05:45'),
(1589, 5, '1.34710418', '103.75399728', NULL, NULL, NULL, NULL, 321, '2018-04-16 13:05:53'),
(1590, 5, '1.34710425', '103.75396432', NULL, NULL, NULL, NULL, 321, '2018-04-16 13:12:00'),
(1591, 4, '1.34710425', '103.75396432', NULL, NULL, NULL, NULL, 321, '2018-04-16 13:15:29'),
(1592, 4, '1.34715674', '103.75393841', NULL, NULL, NULL, NULL, 321, '2018-04-16 13:33:45'),
(1593, 5, '1.34715674', '103.75393841', NULL, NULL, NULL, NULL, 321, '2018-04-16 13:33:59'),
(1594, 5, '1.34707573', '103.75405633', NULL, NULL, NULL, NULL, 321, '2018-04-16 13:52:26'),
(1595, 5, '1.34706075', '103.75400799', NULL, NULL, NULL, NULL, 321, '2018-04-17 02:13:03'),
(1596, 4, '1.34706075', '103.75400799', NULL, NULL, NULL, NULL, 321, '2018-04-17 02:16:03'),
(1597, 5, '1.34706075', '103.75400799', NULL, NULL, NULL, NULL, 321, '2018-04-17 02:18:21'),
(1598, 5, '1.34711028', '103.75406040', NULL, NULL, NULL, NULL, 321, '2018-04-17 02:29:54'),
(1599, 4, '1.34711028', '103.75406040', NULL, NULL, NULL, NULL, 321, '2018-04-17 02:30:20'),
(1600, 5, '1.34711028', '103.75406040', NULL, NULL, NULL, NULL, 321, '2018-04-17 02:35:20'),
(1601, 4, '1.34741853', '103.75510898', NULL, NULL, NULL, NULL, 321, '2018-04-17 02:35:33'),
(1602, 4, '1.34711958', '103.75412807', NULL, NULL, NULL, NULL, 321, '2018-04-17 02:39:11'),
(1603, 5, '1.34711958', '103.75412807', NULL, NULL, NULL, NULL, 321, '2018-04-17 02:39:11'),
(1604, 5, '1.34711958', '103.75412807', NULL, NULL, NULL, NULL, 321, '2018-04-17 02:43:15'),
(1605, 4, '1.34711958', '103.75412807', NULL, NULL, NULL, NULL, 321, '2018-04-17 02:43:30'),
(1606, 5, '1.34705877', '103.75405194', NULL, NULL, NULL, NULL, 321, '2018-04-17 03:07:34'),
(1607, 4, '1.34705877', '103.75405194', NULL, NULL, NULL, NULL, 321, '2018-04-17 03:07:42'),
(1609, 4, '1.34708848', '103.75399995', NULL, NULL, NULL, NULL, 321, '2018-04-17 03:16:07'),
(1610, 5, '1.00000000', '1.00000000', NULL, NULL, NULL, NULL, 321, '2018-04-17 03:26:57'),
(1611, 5, '1.00000000', '1.00000000', NULL, NULL, NULL, NULL, 321, '2018-04-17 03:27:39'),
(1612, 5, '1.00000000', '1.00000000', NULL, NULL, NULL, NULL, 321, '2018-04-17 03:27:45'),
(1613, 5, '1.00000000', '1.00000000', NULL, NULL, NULL, NULL, 321, '2018-04-17 03:27:46'),
(1614, 5, '1.00000000', '1.00000000', NULL, NULL, NULL, NULL, 321, '2018-04-17 03:27:46'),
(1615, 5, '1.00000000', '1.00000000', NULL, NULL, NULL, NULL, 321, '2018-04-17 03:27:46'),
(1616, 5, '1.00000000', '1.00000000', NULL, NULL, NULL, NULL, 321, '2018-04-17 03:27:46'),
(1617, 5, '1.00000000', '1.00000000', NULL, NULL, NULL, NULL, 321, '2018-04-17 03:27:46'),
(1618, 5, '1.34707195', '103.75403255', NULL, NULL, NULL, NULL, 321, '2018-04-18 02:03:20'),
(1619, 5, '1.00000000', '1.00000000', NULL, NULL, NULL, NULL, 321, '2018-04-20 13:15:58'),
(1620, 5, '1.34707228', '103.75402331', NULL, NULL, NULL, NULL, 321, '2018-04-23 03:50:56'),
(1621, 5, '1.34711817', '103.75399625', NULL, NULL, NULL, NULL, 321, '2018-04-23 03:51:01'),
(1622, 5, '1.00000000', '1.00000000', NULL, NULL, NULL, NULL, 321, '2018-05-01 02:59:16'),
(1623, 5, '1.34711119', '103.75401606', NULL, NULL, NULL, NULL, 321, '2018-05-19 14:06:10'),
(1624, 5, '1.34708709', '103.75408666', NULL, NULL, NULL, NULL, 321, '2018-05-19 14:13:03'),
(1625, 5, '1.34708709', '103.75408666', NULL, NULL, NULL, NULL, 321, '2018-05-19 14:16:15'),
(1626, 5, '1.34713410', '103.75403348', NULL, NULL, NULL, NULL, 321, '2018-05-19 14:30:08'),
(1627, 5, '1.34712633', '103.75403100', NULL, NULL, NULL, NULL, 321, '2018-05-19 14:38:36'),
(1628, 5, '1.34712633', '103.75403100', NULL, NULL, NULL, NULL, 321, '2018-05-19 14:39:06'),
(1629, 5, '1.00000000', '1.00000000', NULL, NULL, NULL, NULL, 321, '2018-05-19 14:53:36'),
(1630, 5, '1.00000000', '1.00000000', NULL, NULL, NULL, NULL, 321, '2018-05-19 14:56:21'),
(1631, 5, '1.00000000', '1.00000000', NULL, NULL, NULL, NULL, 321, '2018-05-20 05:27:17'),
(1632, 5, '1.00000000', '1.00000000', NULL, NULL, NULL, NULL, 321, '2018-05-20 05:27:41'),
(1633, 5, '1.00000000', '1.00000000', NULL, NULL, NULL, NULL, 321, '2018-05-20 05:35:32'),
(1634, 5, '1.00000000', '1.00000000', NULL, NULL, NULL, NULL, 321, '2018-05-20 05:38:14'),
(1635, 5, '1.00000000', '1.00000000', NULL, NULL, NULL, NULL, 321, '2018-05-20 07:24:22'),
(1636, 5, '1.00000000', '1.10000000', NULL, NULL, NULL, NULL, 321, '2018-05-20 07:31:56'),
(1637, 5, '1.00000000', '1.10000000', NULL, NULL, NULL, NULL, 321, '2018-05-20 14:33:00'),
(1638, 5, '1.34705809', '103.75405574', NULL, NULL, NULL, NULL, 321, '2018-05-20 14:56:58'),
(1639, 5, '1.34710655', '103.75400852', NULL, NULL, NULL, NULL, 321, '2018-05-20 14:59:13'),
(1640, 5, '1.33515952', '103.77656667', NULL, NULL, NULL, NULL, 321, '2018-05-24 05:29:20'),
(1641, 5, '1.33525034', '103.77659634', NULL, NULL, NULL, NULL, 321, '2018-05-24 05:30:29'),
(1642, 5, '1.33525034', '103.77659634', NULL, NULL, NULL, NULL, 321, '2018-05-24 05:31:14');

-- --------------------------------------------------------

--
-- Table structure for table `locator`
--

CREATE TABLE `locator` (
  `id` int(10) UNSIGNED NOT NULL,
  `serial` varchar(50) NOT NULL,
  `label` varchar(100) NOT NULL,
  `remark` varchar(500) DEFAULT NULL,
  `latitude` decimal(10,8) DEFAULT NULL,
  `longitude` decimal(11,8) DEFAULT NULL,
  `address` varchar(200) DEFAULT NULL,
  `created_at` timestamp NULL DEFAULT CURRENT_TIMESTAMP,
  `updated_at` timestamp NULL DEFAULT CURRENT_TIMESTAMP ON UPDATE CURRENT_TIMESTAMP
) ENGINE=InnoDB DEFAULT CHARSET=latin1;

--
-- Dumping data for table `locator`
--

INSERT INTO `locator` (`id`, `serial`, `label`, `remark`, `latitude`, `longitude`, `address`, `created_at`, `updated_at`) VALUES
(2, '0123456789  ', 'NP BLK 7', 'BLK 7, 535 Clementi Rd, 599489', '1.33465700', '103.77662500', NULL, '2017-05-22 09:27:33', NULL),
(3, '000000007dcfc91e', 'Bukit Panjang Neighbourhood Police Centre', '1 Segar Rd, Singapore 677738', '1.38679300', '103.77180400', NULL, '2017-05-22 09:27:33', NULL);

-- --------------------------------------------------------

--
-- Table structure for table `missing`
--

CREATE TABLE `missing` (
  `id` int(10) UNSIGNED NOT NULL,
  `resident_id` int(10) UNSIGNED NOT NULL,
  `reported_by` int(10) UNSIGNED DEFAULT NULL,
  `reported_at` datetime NOT NULL DEFAULT '1000-01-01 00:00:00',
  `remark` varchar(500) CHARACTER SET latin1 COLLATE latin1_swedish_ci DEFAULT NULL,
  `closed_by` int(10) UNSIGNED DEFAULT NULL,
  `closed_at` date DEFAULT '1000-01-01',
  `closure` varchar(500) DEFAULT NULL,
  `status` int(2) UNSIGNED DEFAULT '1' COMMENT '1=active, 0=inactive',
  `created_at` timestamp NULL DEFAULT CURRENT_TIMESTAMP,
  `updated_at` timestamp NULL DEFAULT CURRENT_TIMESTAMP ON UPDATE CURRENT_TIMESTAMP
) ENGINE=InnoDB DEFAULT CHARSET=latin1;

--
-- Dumping data for table `missing`
--

INSERT INTO `missing` (`id`, `resident_id`, `reported_by`, `reported_at`, `remark`, `closed_by`, `closed_at`, `closure`, `status`, `created_at`, `updated_at`) VALUES
(60, 1, 1, '2018-06-19 16:12:19', NULL, NULL, NULL, NULL, 0, '2018-04-06 12:27:26', '2018-06-23 01:54:46'),
(61, 1, 2, '2018-06-19 16:12:19', '', NULL, NULL, NULL, 0, '2018-04-08 05:19:44', '2018-06-23 01:54:50'),
(62, 1, 1, '2018-06-19 16:12:19', '', NULL, NULL, NULL, 0, '2018-04-09 02:57:08', '2018-06-23 01:54:53'),
(63, 1, 1, '2018-06-19 16:12:19', '', NULL, NULL, NULL, 0, '2018-04-10 05:00:40', '2018-06-23 01:54:56'),
(64, 1, 2, '2018-06-19 16:12:19', '', NULL, NULL, NULL, 0, '2018-04-11 09:05:41', '2018-06-23 01:54:58'),
(74, 1, 1, '2018-06-19 16:12:19', 'asd', NULL, NULL, NULL, 0, '2018-04-13 13:44:50', '2018-06-23 01:55:01'),
(75, 1, 2, '2018-06-19 16:12:19', 'asd', NULL, NULL, NULL, 0, '2018-04-14 06:24:23', '2018-06-23 01:55:06'),
(76, 1, 1, '2018-06-19 16:12:19', '', NULL, NULL, NULL, 0, '2018-04-15 08:34:17', '2018-06-23 01:55:08'),
(77, 1, 2, '2018-06-19 16:12:19', '', NULL, NULL, NULL, 0, '2018-04-16 04:49:25', '2018-06-23 01:55:10'),
(78, 1, 1, '2018-06-19 16:12:19', '', NULL, NULL, NULL, 0, '2018-04-17 02:09:59', '2018-06-23 01:55:13'),
(79, 1, 2, '2018-06-19 16:12:19', '', NULL, NULL, NULL, 0, '2018-04-18 11:38:19', '2018-06-23 01:55:15'),
(80, 1, 1, '2018-06-19 16:12:19', '', NULL, NULL, NULL, 0, '2018-04-21 01:59:05', '2018-06-23 01:55:17'),
(81, 6, 2, '2018-06-23 06:00:00', 'testing 6', NULL, NULL, NULL, 1, '2018-04-21 01:59:10', '2018-06-23 02:01:54'),
(82, 9, 1, '2018-06-23 09:00:00', 'testing 9', NULL, NULL, NULL, 1, '2018-04-21 01:59:14', '2018-06-23 02:01:54'),
(83, 1, 2, '2018-06-19 16:12:19', '', NULL, NULL, NULL, 0, '2018-04-22 18:46:20', '2018-06-23 01:55:24'),
(84, 1, 1, '2018-06-23 01:00:00', 'testing 1', NULL, NULL, NULL, 1, '2018-05-19 14:05:25', '2018-06-23 02:01:54'),
(85, 1, 2, '2018-06-19 16:12:19', '', NULL, NULL, NULL, 0, '2018-05-20 05:34:49', '2018-06-23 01:55:29'),
(86, 1, 1, '2018-06-19 16:12:19', '', NULL, NULL, NULL, 0, '2018-06-04 04:19:30', '2018-06-23 01:55:31');

-- --------------------------------------------------------

--
-- Table structure for table `resident`
--

CREATE TABLE `resident` (
  `id` int(10) UNSIGNED NOT NULL,
  `fullname` varchar(200) NOT NULL,
  `dob` date NOT NULL,
  `nric` varchar(20) DEFAULT NULL,
  `image_path` varchar(200) DEFAULT NULL,
  `thumbnail_path` varchar(200) DEFAULT NULL,
  `hide_photo` tinyint(2) UNSIGNED DEFAULT '0' COMMENT '0 = no, 1 = yes',
  `status` tinyint(4) UNSIGNED DEFAULT '1' COMMENT '1=active, 0=inactive',
  `remark` varchar(500) DEFAULT NULL,
  `created_at` timestamp NULL DEFAULT CURRENT_TIMESTAMP,
  `updated_at` timestamp NULL DEFAULT CURRENT_TIMESTAMP ON UPDATE CURRENT_TIMESTAMP
) ENGINE=InnoDB DEFAULT CHARSET=latin1;

--
-- Dumping data for table `resident`
--

INSERT INTO `resident` (`id`, `fullname`, `dob`, `nric`, `image_path`, `thumbnail_path`, `hide_photo`, `status`, `remark`, `created_at`, `updated_at`) VALUES
(1, 'Allan Cheng', '2016-12-07', 'SG0001', 'uploads/human_images/SG0001.png', 'uploads/human_images/thumbnail_SG0001.png', 1, 1, '', '2017-01-26 06:32:50', '2018-06-19 08:08:21'),
(3, 'Ma Kwei Yan', '2016-12-07', 'SG1003', 'uploads/human_images/SG1003.png', 'uploads/human_images/thumbnail_SG0003.png', 1, 1, '', '2017-01-26 06:33:50', '2018-06-19 08:08:24'),
(4, 'Matthew Chung', '2016-12-07', 'SG0005', 'uploads/human_images/SG1005.png', 'uploads/human_images/thumbnail_SG0005.png', 1, 1, '', '2017-01-25 10:00:49', '2018-06-19 08:08:26'),
(6, 'Alex Yew', '2017-01-11', 'SG2111', 'uploads/human_images/SG1111.png', 'uploads/human_images/thumbnail_SG1111.png', 1, 1, '', '2017-01-17 07:01:16', '2018-06-19 08:08:28'),
(7, 'Yoo Qinjie', '2017-01-11', 'SG1112', 'uploads/human_images/SG1112.png', 'uploads/human_images/thumbnail_SG1112.png', 0, 1, '', '2017-01-25 09:52:34', '2018-06-19 08:08:30'),
(8, 'Mike Soh', '2017-01-11', 'S11653', 'uploads/human_images/S11653.png', 'uploads/human_images/thumbnail_S11653.png', 0, 1, '', '2017-01-25 06:55:36', '2018-06-19 08:08:32'),
(9, 'Martin', '1980-01-04', 'SG0069', 'uploads/human_images/SG0069.png', 'uploads/human_images/thumbnail_SG0069.png', 1, 1, '', '2017-01-25 06:55:33', '2018-06-19 08:08:34'),
(12, 'Tan Soon Lee', '2017-04-15', 'SG113', 'uploads/human_images/SG113.png', 'uploads/human_images/thumbnail_SG113.png', 1, 1, '', '2017-03-22 02:35:07', '2018-06-19 08:08:36');

-- --------------------------------------------------------

--
-- Table structure for table `user`
--

CREATE TABLE `user` (
  `id` int(10) UNSIGNED NOT NULL,
  `username` varchar(50) DEFAULT NULL,
  `email` varchar(255) DEFAULT NULL,
  `endpointID` varchar(40) DEFAULT NULL,
  `pinpoint_status` tinyint(4) DEFAULT '1',
  `auth_key` varchar(32) DEFAULT '',
  `password_hash` varchar(255) DEFAULT '',
  `access_token` varchar(32) DEFAULT NULL,
  `password_reset_token` varchar(255) DEFAULT NULL,
  `email_confirm_token` varchar(255) DEFAULT NULL,
  `phone_number` varchar(20) DEFAULT NULL,
  `role` int(10) UNSIGNED DEFAULT '10' COMMENT '40: admin, 20: family, 10: volunteer, 5:anonymous, 2:rpi',
  `status` smallint(6) UNSIGNED DEFAULT '10',
  `allowance` int(10) UNSIGNED DEFAULT NULL,
  `timestamp` int(10) UNSIGNED DEFAULT NULL,
  `created_at` timestamp NULL DEFAULT CURRENT_TIMESTAMP,
  `updated_at` timestamp NULL DEFAULT CURRENT_TIMESTAMP ON UPDATE CURRENT_TIMESTAMP
) ENGINE=InnoDB DEFAULT CHARSET=utf8;

--
-- Dumping data for table `user`
--

INSERT INTO `user` (`id`, `username`, `email`, `endpointID`, `pinpoint_status`, `auth_key`, `password_hash`, `access_token`, `password_reset_token`, `email_confirm_token`, `phone_number`, `role`, `status`, `allowance`, `timestamp`, `created_at`, `updated_at`) VALUES
(1, 'demo', 'demo.ece.np@gmail.com', NULL, 0, '', '', NULL, NULL, NULL, NULL, 20, 10, NULL, NULL, '2017-02-15 02:30:42', '2018-06-23 01:47:55'),
(2, 'qinjie.np', 'qinjie.np@gmail.com', NULL, 0, '', '', NULL, NULL, NULL, NULL, 20, 10, NULL, NULL, '2017-12-15 03:46:46', '2018-06-23 01:47:59'),
(11, 'longlp', 'long.phamlp94@gmail.com', NULL, 0, '6969', '6969', NULL, NULL, NULL, NULL, 20, 10, NULL, NULL, '2017-02-15 02:30:42', '2018-06-23 01:47:34'),
(68, 'root', 'eceiot.np@gmail.com', NULL, 0, 'aMZdn_AgoWYjmqX6PBTMHP_2K6QbxZIu', '$2y$13$N4V3s7eF9WsJjgeUoFX0YOFfoW0N9x3oKT/8UTX2aSnGaHpaWxxt2', NULL, NULL, NULL, NULL, 40, 10, NULL, NULL, '2017-02-15 02:30:42', '2018-04-16 09:04:26'),
(77, 'Xu', 'nhathuyenqt@gmail.com', NULL, 0, '', '', NULL, NULL, NULL, NULL, 20, 10, NULL, NULL, '2017-02-16 00:32:21', '2018-04-16 09:04:26'),
(126, 'police', 'abc@gmail.co', NULL, 0, '', '', NULL, NULL, NULL, NULL, 20, 10, NULL, NULL, '2017-03-21 07:29:13', '2018-04-16 09:04:26'),
(139, 'hoa', 'phuonghoatink22@gmail.com', NULL, 0, '', '', NULL, NULL, NULL, NULL, 20, 10, NULL, NULL, '2017-04-03 08:56:17', '2018-04-16 09:04:26'),
(152, 'lsc', 'metallic.dan@gmail.com', NULL, 0, '6969', '6969', NULL, NULL, NULL, NULL, 20, 10, NULL, NULL, '2017-02-15 02:30:42', '2018-04-16 09:04:26'),
(153, 'qinjie', 'mark.qj@gmail.com', NULL, 0, '6969', '6969', NULL, NULL, NULL, NULL, 20, 10, NULL, NULL, '2017-02-15 02:30:42', '2018-04-16 09:04:26'),
(163, 'anh', 'anhltse.fpt@gmail.com', NULL, 0, '', '', NULL, NULL, NULL, NULL, 20, 10, NULL, NULL, '2017-06-05 08:37:33', '2018-04-16 09:04:26'),
(317, 'Kiran ', 'kiranpittan4@gmail.com', NULL, 0, '', '', NULL, NULL, NULL, NULL, 20, 10, NULL, NULL, '2017-12-15 07:37:59', '2018-04-16 09:04:26'),
(319, 'keeve', 'keevemm@gmail.com', NULL, 0, '', '', NULL, NULL, NULL, NULL, 20, 10, NULL, NULL, '2017-12-15 07:38:28', '2018-04-16 09:04:26'),
(320, 'kyizartheint', 'kyizar777meimei@gmail.com', NULL, 0, '', '', NULL, NULL, NULL, NULL, 20, 10, NULL, NULL, '2017-12-15 07:39:28', '2018-04-16 09:04:26'),
(321, 'Kyaw Lin', 'didikyawlinn@gmail.com', '24AA24C1-A349-45A7-A5FD-BC9F742FFDF0', 1, '', '', NULL, NULL, NULL, NULL, 20, 10, NULL, NULL, '2017-12-15 07:39:57', '2018-06-04 04:51:29'),
(358, 'Nigel', 'nigel.fyp@gmail.com', NULL, 0, 'bUtQO1WqQv9oweOdaUU0Z176fKc8IK3m', '', NULL, NULL, NULL, '83383326', 20, 10, NULL, NULL, '2018-04-11 04:01:52', '2018-04-16 09:04:26'),
(361, 'abc', 'asd.gmail.com', NULL, 1, 'wXiy6m85jiPvYkzX4MRHN9E8CrQvo8Lt', '', NULL, NULL, NULL, 'asd', 20, 10, NULL, NULL, '2018-04-15 13:18:42', '2018-04-16 09:04:26'),
(380, 'test', 'NPTester.iot@gmail.com', NULL, 0, '', '', NULL, NULL, NULL, NULL, 20, 10, NULL, NULL, '2018-04-21 01:55:34', '2018-04-22 17:57:32'),
(381, 'anonymous', NULL, 'FFB1BC27-2BEB-45D3-AC0A-060CF893C2AE', 1, '', '', NULL, NULL, NULL, NULL, 5, 10, NULL, NULL, '2018-06-19 19:23:11', '2018-06-19 19:23:22');

-- --------------------------------------------------------

--
-- Table structure for table `user_profile`
--

CREATE TABLE `user_profile` (
  `id` int(10) UNSIGNED NOT NULL,
  `fullname` varchar(200) NOT NULL,
  `nric` varchar(20) DEFAULT NULL,
  `phone` varchar(20) DEFAULT NULL,
  `email` varchar(100) DEFAULT NULL,
  `user_id` int(10) UNSIGNED DEFAULT NULL,
  `created_at` timestamp NULL DEFAULT CURRENT_TIMESTAMP,
  `updated_at` timestamp NULL DEFAULT CURRENT_TIMESTAMP ON UPDATE CURRENT_TIMESTAMP
) ENGINE=InnoDB DEFAULT CHARSET=latin1;

--
-- Dumping data for table `user_profile`
--

INSERT INTO `user_profile` (`id`, `fullname`, `nric`, `phone`, `email`, `user_id`, `created_at`, `updated_at`) VALUES
(1, 'Relative One', 'NRIC One', '12345678', 'one@gmail.com', 1, '2018-06-19 08:11:16', '2018-06-23 02:18:31'),
(2, 'Relative Two', 'NRIC Two', '23456789', 'two@gmail.com', 2, '2018-06-19 08:11:16', '2018-06-23 02:18:31');

-- --------------------------------------------------------

--
-- Table structure for table `user_token`
--

CREATE TABLE `user_token` (
  `id` int(10) UNSIGNED NOT NULL,
  `user_id` int(10) UNSIGNED NOT NULL,
  `token` varchar(32) NOT NULL DEFAULT '',
  `label` varchar(10) DEFAULT NULL,
  `mac_address` varchar(32) DEFAULT NULL,
  `expire` timestamp NULL DEFAULT NULL,
  `created_at` timestamp NULL DEFAULT CURRENT_TIMESTAMP
) ENGINE=InnoDB DEFAULT CHARSET=latin1;

--
-- Dumping data for table `user_token`
--

INSERT INTO `user_token` (`id`, `user_id`, `token`, `label`, `mac_address`, `expire`, `created_at`) VALUES
(1335, 77, 'HINIrD3-KAmxbkg6qDbS2wWcbQ5Isno1', 'ACCESS', '153.20.93.83', '2017-06-01 02:31:16', '2017-04-27 02:48:42'),
(1490, 1, 'HfczLM_MklF7-8gQxrxjvTYje2UrNXq0', 'ACCESS', '153.20.95.84', '2017-07-09 02:19:07', '2017-06-09 02:12:35'),
(1713, 317, 'gURIoPpDZk5aRJ63sDlK5TXiPHGUKGL9', 'ACCESS', '153.20.95.84', '2018-01-27 09:00:56', '2017-12-15 07:41:58'),
(1722, 68, 'QFfkUNGVwuIzwYEhk9yzh8Wx9MJFlPc1', 'ACCESS', '175.156.146.3', '2018-01-15 07:00:15', '2017-12-16 06:59:59'),
(1729, 11, 'HzVMc25cQmNafx944nbq4w1iZw6KVdBh', 'ACCESS', '42.114.23.0', '2018-02-04 13:25:09', '2018-01-03 17:04:10'),
(1759, 153, 'Aew4-ZS7I2rkuZfGwVn-yL0UNoxFXFiG', 'ACCESS', '153.20.95.84', '2018-02-24 08:26:13', '2018-01-25 03:39:55'),
(1763, 152, 'G8UlQrHBnveXE3oBDJMlYTFrOfikaFcw', 'ACCESS', '183.90.36.201', '2018-04-06 06:09:27', '2018-01-31 09:41:25'),
(1801, 321, 'XX1vUjf1nlBs4KE4yreegYn497hqHgo3', 'ACCESS', '175.156.146.3', '2018-04-06 05:50:47', '2018-03-05 11:53:09');

--
-- Indexes for dumped tables
--

--
-- Indexes for table `beacon`
--
ALTER TABLE `beacon`
  ADD PRIMARY KEY (`id`),
  ADD UNIQUE KEY `uuid` (`uuid`,`major`,`minor`),
  ADD KEY `resident_id` (`resident_id`);

--
-- Indexes for table `caregiver`
--
ALTER TABLE `caregiver`
  ADD PRIMARY KEY (`id`),
  ADD UNIQUE KEY `relative_id` (`user_id`,`resident_id`),
  ADD KEY `resident_id` (`resident_id`),
  ADD KEY `user_id` (`user_id`);

--
-- Indexes for table `gps`
--
ALTER TABLE `gps`
  ADD PRIMARY KEY (`id`),
  ADD UNIQUE KEY `latitude` (`latitude`,`longitude`);

--
-- Indexes for table `location`
--
ALTER TABLE `location`
  ADD PRIMARY KEY (`id`),
  ADD UNIQUE KEY `beacon_id_2` (`beacon_id`),
  ADD KEY `locator_id` (`locator_id`),
  ADD KEY `user_id` (`user_id`),
  ADD KEY `resident_id` (`resident_id`),
  ADD KEY `missing_id` (`missing_id`);

--
-- Indexes for table `location_history`
--
ALTER TABLE `location_history`
  ADD PRIMARY KEY (`id`),
  ADD KEY `locator_id` (`locator_id`),
  ADD KEY `user_id` (`user_id`),
  ADD KEY `beacon_id` (`beacon_id`),
  ADD KEY `resident_id` (`resident_id`),
  ADD KEY `missing_id` (`missing_id`);

--
-- Indexes for table `locator`
--
ALTER TABLE `locator`
  ADD PRIMARY KEY (`id`),
  ADD UNIQUE KEY `serial_number` (`serial`);

--
-- Indexes for table `missing`
--
ALTER TABLE `missing`
  ADD PRIMARY KEY (`id`),
  ADD KEY `resident_id` (`resident_id`),
  ADD KEY `closed_by` (`closed_by`),
  ADD KEY `missing_ibfk_2` (`reported_by`);

--
-- Indexes for table `resident`
--
ALTER TABLE `resident`
  ADD PRIMARY KEY (`id`);

--
-- Indexes for table `user`
--
ALTER TABLE `user`
  ADD PRIMARY KEY (`id`),
  ADD UNIQUE KEY `username` (`username`);

--
-- Indexes for table `user_profile`
--
ALTER TABLE `user_profile`
  ADD PRIMARY KEY (`id`),
  ADD UNIQUE KEY `email` (`email`),
  ADD UNIQUE KEY `user_id` (`user_id`);

--
-- Indexes for table `user_token`
--
ALTER TABLE `user_token`
  ADD PRIMARY KEY (`id`),
  ADD UNIQUE KEY `token` (`token`),
  ADD KEY `userId` (`user_id`);

--
-- AUTO_INCREMENT for dumped tables
--

--
-- AUTO_INCREMENT for table `beacon`
--
ALTER TABLE `beacon`
  MODIFY `id` int(10) UNSIGNED NOT NULL AUTO_INCREMENT, AUTO_INCREMENT=20;

--
-- AUTO_INCREMENT for table `caregiver`
--
ALTER TABLE `caregiver`
  MODIFY `id` int(10) UNSIGNED NOT NULL AUTO_INCREMENT, AUTO_INCREMENT=58;

--
-- AUTO_INCREMENT for table `gps`
--
ALTER TABLE `gps`
  MODIFY `id` int(10) UNSIGNED NOT NULL AUTO_INCREMENT;

--
-- AUTO_INCREMENT for table `location`
--
ALTER TABLE `location`
  MODIFY `id` int(10) UNSIGNED NOT NULL AUTO_INCREMENT, AUTO_INCREMENT=414;

--
-- AUTO_INCREMENT for table `location_history`
--
ALTER TABLE `location_history`
  MODIFY `id` int(10) UNSIGNED NOT NULL AUTO_INCREMENT, AUTO_INCREMENT=1643;

--
-- AUTO_INCREMENT for table `locator`
--
ALTER TABLE `locator`
  MODIFY `id` int(10) UNSIGNED NOT NULL AUTO_INCREMENT, AUTO_INCREMENT=4;

--
-- AUTO_INCREMENT for table `missing`
--
ALTER TABLE `missing`
  MODIFY `id` int(10) UNSIGNED NOT NULL AUTO_INCREMENT, AUTO_INCREMENT=87;

--
-- AUTO_INCREMENT for table `resident`
--
ALTER TABLE `resident`
  MODIFY `id` int(10) UNSIGNED NOT NULL AUTO_INCREMENT, AUTO_INCREMENT=13;

--
-- AUTO_INCREMENT for table `user`
--
ALTER TABLE `user`
  MODIFY `id` int(10) UNSIGNED NOT NULL AUTO_INCREMENT, AUTO_INCREMENT=413;

--
-- AUTO_INCREMENT for table `user_profile`
--
ALTER TABLE `user_profile`
  MODIFY `id` int(10) UNSIGNED NOT NULL AUTO_INCREMENT, AUTO_INCREMENT=3;

--
-- AUTO_INCREMENT for table `user_token`
--
ALTER TABLE `user_token`
  MODIFY `id` int(10) UNSIGNED NOT NULL AUTO_INCREMENT, AUTO_INCREMENT=1832;

--
-- Constraints for dumped tables
--

--
-- Constraints for table `beacon`
--
ALTER TABLE `beacon`
  ADD CONSTRAINT `ct_beacon_resident` FOREIGN KEY (`resident_id`) REFERENCES `resident` (`id`) ON DELETE CASCADE ON UPDATE CASCADE;

--
-- Constraints for table `caregiver`
--
ALTER TABLE `caregiver`
  ADD CONSTRAINT `caregiver_ibfk_1` FOREIGN KEY (`user_id`) REFERENCES `user` (`id`) ON DELETE CASCADE ON UPDATE CASCADE,
  ADD CONSTRAINT `ct_ur_resident` FOREIGN KEY (`resident_id`) REFERENCES `resident` (`id`) ON DELETE CASCADE ON UPDATE CASCADE;

--
-- Constraints for table `location`
--
ALTER TABLE `location`
  ADD CONSTRAINT `ct_location_beacon` FOREIGN KEY (`beacon_id`) REFERENCES `beacon` (`id`) ON DELETE CASCADE ON UPDATE CASCADE,
  ADD CONSTRAINT `ct_location_locator` FOREIGN KEY (`locator_id`) REFERENCES `locator` (`id`) ON DELETE CASCADE ON UPDATE CASCADE,
  ADD CONSTRAINT `ct_location_user` FOREIGN KEY (`user_id`) REFERENCES `user` (`id`) ON DELETE CASCADE ON UPDATE CASCADE,
  ADD CONSTRAINT `location_ibfk_1` FOREIGN KEY (`missing_id`) REFERENCES `missing` (`id`) ON DELETE CASCADE ON UPDATE CASCADE,
  ADD CONSTRAINT `location_ibfk_2` FOREIGN KEY (`resident_id`) REFERENCES `resident` (`id`) ON DELETE CASCADE ON UPDATE CASCADE;

--
-- Constraints for table `location_history`
--
ALTER TABLE `location_history`
  ADD CONSTRAINT `location_history_ibfk_1` FOREIGN KEY (`beacon_id`) REFERENCES `beacon` (`id`) ON DELETE CASCADE ON UPDATE CASCADE,
  ADD CONSTRAINT `location_history_ibfk_2` FOREIGN KEY (`locator_id`) REFERENCES `locator` (`id`) ON DELETE CASCADE ON UPDATE CASCADE,
  ADD CONSTRAINT `location_history_ibfk_3` FOREIGN KEY (`user_id`) REFERENCES `user` (`id`) ON DELETE CASCADE ON UPDATE CASCADE,
  ADD CONSTRAINT `location_history_ibfk_4` FOREIGN KEY (`missing_id`) REFERENCES `missing` (`id`) ON DELETE CASCADE ON UPDATE CASCADE,
  ADD CONSTRAINT `location_history_ibfk_5` FOREIGN KEY (`resident_id`) REFERENCES `resident` (`id`) ON DELETE CASCADE ON UPDATE CASCADE;

--
-- Constraints for table `missing`
--
ALTER TABLE `missing`
  ADD CONSTRAINT `missing_ibfk_1` FOREIGN KEY (`resident_id`) REFERENCES `resident` (`id`) ON DELETE CASCADE ON UPDATE CASCADE,
  ADD CONSTRAINT `missing_ibfk_2` FOREIGN KEY (`reported_by`) REFERENCES `user` (`id`) ON DELETE CASCADE ON UPDATE CASCADE,
  ADD CONSTRAINT `missing_ibfk_3` FOREIGN KEY (`closed_by`) REFERENCES `user` (`id`) ON DELETE CASCADE ON UPDATE CASCADE;

--
-- Constraints for table `user_profile`
--
ALTER TABLE `user_profile`
  ADD CONSTRAINT `user_profile_ibfk_1` FOREIGN KEY (`user_id`) REFERENCES `user` (`id`) ON DELETE SET NULL ON UPDATE CASCADE;

--
-- Constraints for table `user_token`
--
ALTER TABLE `user_token`
  ADD CONSTRAINT `usertoken_userid` FOREIGN KEY (`user_id`) REFERENCES `user` (`id`) ON DELETE CASCADE ON UPDATE CASCADE;
COMMIT;

/*!40101 SET CHARACTER_SET_CLIENT=@OLD_CHARACTER_SET_CLIENT */;
/*!40101 SET CHARACTER_SET_RESULTS=@OLD_CHARACTER_SET_RESULTS */;
/*!40101 SET COLLATION_CONNECTION=@OLD_COLLATION_CONNECTION */;
